[INFO] [launch]: All log files can be found below /home/orangepi/drone_ws/src/drone_perception/.runtime_logs/2026-07-28-06-18-14-219985-orangepi5ultra-33621
[INFO] [launch]: Default logging verbosity is set to INFO
[INFO] [launch.user]: 🚀 Launching as Normal ROS Node
[INFO] [realsense2_camera_node-1]: process started with pid [33622]
[INFO] [taskset-2]: process started with pid [33624]
[realsense2_camera_node-1] [0m[INFO] [1785190694.452021618] [camera.camera]: RealSense ROS v4.58.2[0m
[realsense2_camera_node-1] [0m[INFO] [1785190694.452179701] [camera.camera]: Built with LibRealSense v2.58.2[0m
[realsense2_camera_node-1] [0m[INFO] [1785190694.452220243] [camera.camera]: Running with LibRealSense v2.58.2[0m
[taskset-2] [0m[INFO] [1785190694.510564957] [air_ground_servo_node]: Air-ground RGBD debug ready: topic=/camera/camera/rgbd expected=640x480@30.0 center=(320,240) window=10x10[0m
[realsense2_camera_node-1]  28/07 06:18:14,605 WARNING [547474106592] (ds-motion-common.cpp:452) No HID info provided, IMU is disabled
[realsense2_camera_node-1]  28/07 06:18:14,605 WARNING [547474106592] (d400-motion.cpp:199) Intel RealSense D435I #327122074056 - HID Motion Sensor Failure (continuing as partial device): bad optional access
[realsense2_camera_node-1] [0m[INFO] [1785190694.606333425] [camera.camera]: Device with serial number 327122074056 was found.
[realsense2_camera_node-1] [0m
[realsense2_camera_node-1] [0m[INFO] [1785190694.606476925] [camera.camera]: Device with physical ID /sys/devices/platform/usbdrd3_0/fc000000.usb/xhci-hcd.11.auto/usb8/8-1/8-1:1.0/video4linux/video1 was found.[0m
[realsense2_camera_node-1] [0m[INFO] [1785190694.606551008] [camera.camera]: Device with name Intel RealSense D435I was found.[0m
[realsense2_camera_node-1] [0m[INFO] [1785190694.607775133] [camera.camera]: Device with port number 8-1 was found.[0m
[realsense2_camera_node-1] [0m[INFO] [1785190694.607841925] [camera.camera]: Device USB type: 3.2[0m
[realsense2_camera_node-1] [0m[INFO] [1785190694.608075842] [camera.camera]: getParameters...[0m
[realsense2_camera_node-1] [0m[INFO] [1785190694.609857342] [camera.camera]: JSON file is not provided[0m
[realsense2_camera_node-1] [0m[INFO] [1785190694.609913342] [camera.camera]: Device Name: Intel RealSense D435I[0m
[realsense2_camera_node-1] [0m[INFO] [1785190694.609958259] [camera.camera]: Device Serial No: 327122074056[0m
[realsense2_camera_node-1] [0m[INFO] [1785190694.610001134] [camera.camera]: Device physical port: /sys/devices/platform/usbdrd3_0/fc000000.usb/xhci-hcd.11.auto/usb8/8-1/8-1:1.0/video4linux/video1[0m
[realsense2_camera_node-1] [0m[INFO] [1785190694.610045467] [camera.camera]: Device FW version: 5.17.3.10[0m
[realsense2_camera_node-1] [0m[INFO] [1785190694.610087467] [camera.camera]: Device Product ID: 0x0B3A[0m
[realsense2_camera_node-1] [0m[INFO] [1785190694.610128300] [camera.camera]: Sync Mode: On[0m
[realsense2_camera_node-1] [33m[WARN] [1785190694.709665394] [camera.camera]: re-enable the stream for the change to take effect.[0m
[realsense2_camera_node-1] [0m[INFO] [1785190694.712193852] [camera.camera]: Set ROS param depth_module.infra_profile to default: 848x480x30[0m
[realsense2_camera_node-1] [33m[WARN] [1785190694.717780436] [camera.camera]: Could not set param: rgb_camera.power_line_frequency with 3 Range: [0, 2]: parameter 'rgb_camera.power_line_frequency' could not be set: Parameter {rgb_camera.power_line_frequency} doesn't comply with integer range.[0m
[realsense2_camera_node-1]  28/07 06:18:14,718 WARNING [547474106592] (backend-v4l2.cpp:2407) Pixel format 36315752-1a66-a242-9065-d01814a likely requires patch for fourcc code RW16!
[realsense2_camera_node-1] [33m[WARN] [1785190694.722859520] [camera.camera]: re-enable the stream for the change to take effect.[0m
[realsense2_camera_node-1] [0m[INFO] [1785190694.728890896] [camera.camera]: Stopping Sensor: Depth Module[0m
[realsense2_camera_node-1] [0m[INFO] [1785190694.729135312] [camera.camera]: Stopping Sensor: RGB Camera[0m
[realsense2_camera_node-1] [0m[INFO] [1785190695.045341677] [camera.camera]: Starting Sensor: Depth Module[0m
[realsense2_camera_node-1] [0m[INFO] [1785190695.052693136] [camera.camera]: Open profile: stream_type: Depth(0), Format: Z16, Width: 640, Height: 480, FPS: 30[0m
[realsense2_camera_node-1] [0m[INFO] [1785190697.329357032] [camera.camera]: Starting Sensor: RGB Camera[0m
[realsense2_camera_node-1] [0m[INFO] [1785190697.334533824] [camera.camera]: Open profile: stream_type: Color(0), Format: RGB8, Width: 640, Height: 480, FPS: 30[0m
[realsense2_camera_node-1] [31m[ERROR] [1785190707.399211835] [camera.camera]: cv::Mat is empty. Ignoring this frame.[0m
[realsense2_camera_node-1] [31m[ERROR] [1785190707.399501460] [camera.camera]: Failed to fill rgb message inside RGBD message[0m
[realsense2_camera_node-1] [31m[ERROR] [1785190707.431468422] [camera.camera]: cv::Mat is empty. Ignoring this frame.[0m
[realsense2_camera_node-1] [31m[ERROR] [1785190707.431681047] [camera.camera]: Failed to fill rgb message inside RGBD message[0m
[realsense2_camera_node-1] [31m[ERROR] [1785190707.465617050] [camera.camera]: cv::Mat is empty. Ignoring this frame.[0m
[realsense2_camera_node-1] [31m[ERROR] [1785190707.465973467] [camera.camera]: Failed to fill rgb message inside RGBD message[0m
[realsense2_camera_node-1] [31m[ERROR] [1785190707.498272637] [camera.camera]: cv::Mat is empty. Ignoring this frame.[0m
[realsense2_camera_node-1] [31m[ERROR] [1785190707.498494887] [camera.camera]: Failed to fill rgb message inside RGBD message[0m
[realsense2_camera_node-1] [31m[ERROR] [1785190707.531576890] [camera.camera]: cv::Mat is empty. Ignoring this frame.[0m
[realsense2_camera_node-1] [31m[ERROR] [1785190707.531788349] [camera.camera]: Failed to fill rgb message inside RGBD message[0m
[realsense2_camera_node-1] [31m[ERROR] [1785190707.565797269] [camera.camera]: cv::Mat is empty. Ignoring this frame.[0m
[realsense2_camera_node-1] [31m[ERROR] [1785190707.566016019] [camera.camera]: Failed to fill rgb message inside RGBD message[0m
[realsense2_camera_node-1] [31m[ERROR] [1785190707.598347272] [camera.camera]: cv::Mat is empty. Ignoring this frame.[0m
[realsense2_camera_node-1] [31m[ERROR] [1785190707.598571564] [camera.camera]: Failed to fill rgb message inside RGBD message[0m
[realsense2_camera_node-1] [31m[ERROR] [1785190707.632423275] [camera.camera]: cv::Mat is empty. Ignoring this frame.[0m
[realsense2_camera_node-1] [31m[ERROR] [1785190707.632751109] [camera.camera]: Failed to fill rgb message inside RGBD message[0m
[realsense2_camera_node-1] [31m[ERROR] [1785190707.665064279] [camera.camera]: cv::Mat is empty. Ignoring this frame.[0m
[realsense2_camera_node-1] [31m[ERROR] [1785190707.665383070] [camera.camera]: Failed to fill rgb message inside RGBD message[0m
[realsense2_camera_node-1] [31m[ERROR] [1785190707.698304949] [camera.camera]: cv::Mat is empty. Ignoring this frame.[0m
[realsense2_camera_node-1] [31m[ERROR] [1785190707.698538282] [camera.camera]: Failed to fill rgb message inside RGBD message[0m
[realsense2_camera_node-1] [31m[ERROR] [1785190707.732470202] [camera.camera]: cv::Mat is empty. Ignoring this frame.[0m
[realsense2_camera_node-1] [31m[ERROR] [1785190707.732689244] [camera.camera]: Failed to fill rgb message inside RGBD message[0m
[realsense2_camera_node-1] [31m[ERROR] [1785190707.765051705] [camera.camera]: cv::Mat is empty. Ignoring this frame.[0m
[realsense2_camera_node-1] [31m[ERROR] [1785190707.765282705] [camera.camera]: Failed to fill rgb message inside RGBD message[0m
[realsense2_camera_node-1] [31m[ERROR] [1785190707.799252542] [camera.camera]: cv::Mat is empty. Ignoring this frame.[0m
[realsense2_camera_node-1] [31m[ERROR] [1785190707.799621209] [camera.camera]: Failed to fill rgb message inside RGBD message[0m
[realsense2_camera_node-1] [31m[ERROR] [1785190707.831831712] [camera.camera]: cv::Mat is empty. Ignoring this frame.[0m
[realsense2_camera_node-1] [31m[ERROR] [1785190707.832065045] [camera.camera]: Failed to fill rgb message inside RGBD message[0m
[realsense2_camera_node-1] [31m[ERROR] [1785190707.865246799] [camera.camera]: cv::Mat is empty. Ignoring this frame.[0m
[realsense2_camera_node-1] [31m[ERROR] [1785190707.865497924] [camera.camera]: Failed to fill rgb message inside RGBD message[0m
[realsense2_camera_node-1] [31m[ERROR] [1785190707.899266511] [camera.camera]: cv::Mat is empty. Ignoring this frame.[0m
[realsense2_camera_node-1] [31m[ERROR] [1785190707.899483219] [camera.camera]: Failed to fill rgb message inside RGBD message[0m
[realsense2_camera_node-1] [31m[ERROR] [1785190707.931882722] [camera.camera]: cv::Mat is empty. Ignoring this frame.[0m
[realsense2_camera_node-1] [31m[ERROR] [1785190707.932119264] [camera.camera]: Failed to fill rgb message inside RGBD message[0m
[realsense2_camera_node-1] [31m[ERROR] [1785190707.965929851] [camera.camera]: cv::Mat is empty. Ignoring this frame.[0m
[realsense2_camera_node-1] [31m[ERROR] [1785190707.966292101] [camera.camera]: Failed to fill rgb message inside RGBD message[0m
[realsense2_camera_node-1] [31m[ERROR] [1785190707.998579021] [camera.camera]: cv::Mat is empty. Ignoring this frame.[0m
[realsense2_camera_node-1] [31m[ERROR] [1785190707.998837729] [camera.camera]: Failed to fill rgb message inside RGBD message[0m
[realsense2_camera_node-1] [31m[ERROR] [1785190708.031919149] [camera.camera]: cv::Mat is empty. Ignoring this frame.[0m
[realsense2_camera_node-1] [31m[ERROR] [1785190708.032239691] [camera.camera]: Failed to fill rgb message inside RGBD message[0m
[realsense2_camera_node-1] [31m[ERROR] [1785190708.066163444] [camera.camera]: cv::Mat is empty. Ignoring this frame.[0m
[realsense2_camera_node-1] [31m[ERROR] [1785190708.066387152] [camera.camera]: Failed to fill rgb message inside RGBD message[0m
[realsense2_camera_node-1] [31m[ERROR] [1785190708.098896322] [camera.camera]: cv::Mat is empty. Ignoring this frame.[0m
[realsense2_camera_node-1] [31m[ERROR] [1785190708.099133739] [camera.camera]: Failed to fill rgb message inside RGBD message[0m
[realsense2_camera_node-1] [31m[ERROR] [1785190708.132783909] [camera.camera]: cv::Mat is empty. Ignoring this frame.[0m
[realsense2_camera_node-1] [31m[ERROR] [1785190708.133136826] [camera.camera]: Failed to fill rgb message inside RGBD message[0m
[realsense2_camera_node-1] [31m[ERROR] [1785190708.165465454] [camera.camera]: cv::Mat is empty. Ignoring this frame.[0m
[realsense2_camera_node-1] [31m[ERROR] [1785190708.165692954] [camera.camera]: Failed to fill rgb message inside RGBD message[0m
[realsense2_camera_node-1] [31m[ERROR] [1785190708.198709041] [camera.camera]: cv::Mat is empty. Ignoring this frame.[0m
[realsense2_camera_node-1] [31m[ERROR] [1785190708.198917291] [camera.camera]: Failed to fill rgb message inside RGBD message[0m
[realsense2_camera_node-1] [31m[ERROR] [1785190708.232801669] [camera.camera]: cv::Mat is empty. Ignoring this frame.[0m
[realsense2_camera_node-1] [31m[ERROR] [1785190708.233014877] [camera.camera]: Failed to fill rgb message inside RGBD message[0m
[realsense2_camera_node-1] [31m[ERROR] [1785190708.265385797] [camera.camera]: cv::Mat is empty. Ignoring this frame.[0m
[realsense2_camera_node-1] [31m[ERROR] [1785190708.265607172] [camera.camera]: Failed to fill rgb message inside RGBD message[0m
[realsense2_camera_node-1] [31m[ERROR] [1785190708.299710592] [camera.camera]: cv::Mat is empty. Ignoring this frame.[0m
[realsense2_camera_node-1] [31m[ERROR] [1785190708.300063509] [camera.camera]: Failed to fill rgb message inside RGBD message[0m
[realsense2_camera_node-1] [31m[ERROR] [1785190708.332218304] [camera.camera]: cv::Mat is empty. Ignoring this frame.[0m
[realsense2_camera_node-1] [31m[ERROR] [1785190708.332430637] [camera.camera]: Failed to fill rgb message inside RGBD message[0m
[realsense2_camera_node-1] [31m[ERROR] [1785190708.365495432] [camera.camera]: cv::Mat is empty. Ignoring this frame.[0m
[realsense2_camera_node-1] [31m[ERROR] [1785190708.365713016] [camera.camera]: Failed to fill rgb message inside RGBD message[0m
[realsense2_camera_node-1] [31m[ERROR] [1785190708.399595352] [camera.camera]: cv::Mat is empty. Ignoring this frame.[0m
[realsense2_camera_node-1] [31m[ERROR] [1785190708.399823436] [camera.camera]: Failed to fill rgb message inside RGBD message[0m
[realsense2_camera_node-1] [31m[ERROR] [1785190708.432185022] [camera.camera]: cv::Mat is empty. Ignoring this frame.[0m
[realsense2_camera_node-1] [31m[ERROR] [1785190708.432382481] [camera.camera]: Failed to fill rgb message inside RGBD message[0m
[realsense2_camera_node-1] [31m[ERROR] [1785190708.466707859] [camera.camera]: cv::Mat is empty. Ignoring this frame.[0m
[realsense2_camera_node-1] [31m[ERROR] [1785190708.467066026] [camera.camera]: Failed to fill rgb message inside RGBD message[0m
[realsense2_camera_node-1] [31m[ERROR] [1785190708.499248237] [camera.camera]: cv::Mat is empty. Ignoring this frame.[0m
[realsense2_camera_node-1] [31m[ERROR] [1785190708.499476613] [camera.camera]: Failed to fill rgb message inside RGBD message[0m
[realsense2_camera_node-1] [31m[ERROR] [1785190708.532562407] [camera.camera]: cv::Mat is empty. Ignoring this frame.[0m
[realsense2_camera_node-1] [31m[ERROR] [1785190708.532798074] [camera.camera]: Failed to fill rgb message inside RGBD message[0m
[realsense2_camera_node-1] [31m[ERROR] [1785190708.566776953] [camera.camera]: cv::Mat is empty. Ignoring this frame.[0m
[realsense2_camera_node-1] [31m[ERROR] [1785190708.566993661] [camera.camera]: Failed to fill rgb message inside RGBD message[0m
[realsense2_camera_node-1] [31m[ERROR] [1785190708.599136206] [camera.camera]: cv::Mat is empty. Ignoring this frame.[0m
[realsense2_camera_node-1] [31m[ERROR] [1785190708.599347664] [camera.camera]: Failed to fill rgb message inside RGBD message[0m
[realsense2_camera_node-1] [31m[ERROR] [1785190708.633075126] [camera.camera]: cv::Mat is empty. Ignoring this frame.[0m
[realsense2_camera_node-1] [31m[ERROR] [1785190708.633471501] [camera.camera]: Failed to fill rgb message inside RGBD message[0m
[realsense2_camera_node-1] [31m[ERROR] [1785190708.666007796] [camera.camera]: cv::Mat is empty. Ignoring this frame.[0m
[realsense2_camera_node-1] [31m[ERROR] [1785190708.666252796] [camera.camera]: Failed to fill rgb message inside RGBD message[0m
[realsense2_camera_node-1] [31m[ERROR] [1785190708.699334216] [camera.camera]: cv::Mat is empty. Ignoring this frame.[0m
[realsense2_camera_node-1] [31m[ERROR] [1785190708.699560258] [camera.camera]: Failed to fill rgb message inside RGBD message[0m
[realsense2_camera_node-1] [31m[ERROR] [1785190708.733244261] [camera.camera]: cv::Mat is empty. Ignoring this frame.[0m
[realsense2_camera_node-1] [31m[ERROR] [1785190708.733461844] [camera.camera]: Failed to fill rgb message inside RGBD message[0m
[realsense2_camera_node-1] [31m[ERROR] [1785190708.765983848] [camera.camera]: cv::Mat is empty. Ignoring this frame.[0m
[realsense2_camera_node-1] [31m[ERROR] [1785190708.766211056] [camera.camera]: Failed to fill rgb message inside RGBD message[0m
[realsense2_camera_node-1] [31m[ERROR] [1785190708.799833226] [camera.camera]: cv::Mat is empty. Ignoring this frame.[0m
[realsense2_camera_node-1] [31m[ERROR] [1785190708.800239809] [camera.camera]: Failed to fill rgb message inside RGBD message[0m
[realsense2_camera_node-1] [31m[ERROR] [1785190708.832706979] [camera.camera]: cv::Mat is empty. Ignoring this frame.[0m
[realsense2_camera_node-1] [31m[ERROR] [1785190708.832922521] [camera.camera]: Failed to fill rgb message inside RGBD message[0m
[realsense2_camera_node-1] [31m[ERROR] [1785190708.866009483] [camera.camera]: cv::Mat is empty. Ignoring this frame.[0m
[realsense2_camera_node-1] [31m[ERROR] [1785190708.866230566] [camera.camera]: Failed to fill rgb message inside RGBD message[0m
[realsense2_camera_node-1] [31m[ERROR] [1785190708.900043778] [camera.camera]: cv::Mat is empty. Ignoring this frame.[0m
[realsense2_camera_node-1] [31m[ERROR] [1785190708.900252319] [camera.camera]: Failed to fill rgb message inside RGBD message[0m
[realsense2_camera_node-1] [31m[ERROR] [1785190708.932679531] [camera.camera]: cv::Mat is empty. Ignoring this frame.[0m
[realsense2_camera_node-1] [31m[ERROR] [1785190708.932888073] [camera.camera]: Failed to fill rgb message inside RGBD message[0m
[realsense2_camera_node-1] [31m[ERROR] [1785190708.966841868] [camera.camera]: cv::Mat is empty. Ignoring this frame.[0m
[realsense2_camera_node-1] [31m[ERROR] [1785190708.967285201] [camera.camera]: Failed to fill rgb message inside RGBD message[0m
[realsense2_camera_node-1] [31m[ERROR] [1785190708.999566288] [camera.camera]: cv::Mat is empty. Ignoring this frame.[0m
[realsense2_camera_node-1] [31m[ERROR] [1785190708.999791163] [camera.camera]: Failed to fill rgb message inside RGBD message[0m
[realsense2_camera_node-1] [31m[ERROR] [1785190709.032822999] [camera.camera]: cv::Mat is empty. Ignoring this frame.[0m
[realsense2_camera_node-1] [31m[ERROR] [1785190709.033059541] [camera.camera]: Failed to fill rgb message inside RGBD message[0m
[realsense2_camera_node-1] [31m[ERROR] [1785190709.066830461] [camera.camera]: cv::Mat is empty. Ignoring this frame.[0m
[realsense2_camera_node-1] [31m[ERROR] [1785190709.067065253] [camera.camera]: Failed to fill rgb message inside RGBD message[0m
[realsense2_camera_node-1] [31m[ERROR] [1785190709.099459506] [camera.camera]: cv::Mat is empty. Ignoring this frame.[0m
[realsense2_camera_node-1] [31m[ERROR] [1785190709.099679714] [camera.camera]: Failed to fill rgb message inside RGBD message[0m
[realsense2_camera_node-1] [31m[ERROR] [1785190709.133566135] [camera.camera]: cv::Mat is empty. Ignoring this frame.[0m
[realsense2_camera_node-1] [31m[ERROR] [1785190709.133988468] [camera.camera]: Failed to fill rgb message inside RGBD message[0m
[realsense2_camera_node-1] [31m[ERROR] [1785190709.166381263] [camera.camera]: cv::Mat is empty. Ignoring this frame.[0m
[realsense2_camera_node-1] [31m[ERROR] [1785190709.166698013] [camera.camera]: Failed to fill rgb message inside RGBD message[0m
[realsense2_camera_node-1] [31m[ERROR] [1785190709.199511391] [camera.camera]: cv::Mat is empty. Ignoring this frame.[0m
[realsense2_camera_node-1] [31m[ERROR] [1785190709.199739183] [camera.camera]: Failed to fill rgb message inside RGBD message[0m
[realsense2_camera_node-1] [31m[ERROR] [1785190709.233517103] [camera.camera]: cv::Mat is empty. Ignoring this frame.[0m
[realsense2_camera_node-1] [31m[ERROR] [1785190709.233737603] [camera.camera]: Failed to fill rgb message inside RGBD message[0m
[realsense2_camera_node-1] [31m[ERROR] [1785190709.266138565] [camera.camera]: cv::Mat is empty. Ignoring this frame.[0m
[realsense2_camera_node-1] [31m[ERROR] [1785190709.266365481] [camera.camera]: Failed to fill rgb message inside RGBD message[0m
[realsense2_camera_node-1] [31m[ERROR] [1785190709.300258610] [camera.camera]: cv::Mat is empty. Ignoring this frame.[0m
[realsense2_camera_node-1] [31m[ERROR] [1785190709.300697568] [camera.camera]: Failed to fill rgb message inside RGBD message[0m
[realsense2_camera_node-1] [31m[ERROR] [1785190709.333099113] [camera.camera]: cv::Mat is empty. Ignoring this frame.[0m
[realsense2_camera_node-1] [31m[ERROR] [1785190709.333321071] [camera.camera]: Failed to fill rgb message inside RGBD message[0m
[realsense2_camera_node-1] [31m[ERROR] [1785190709.366506325] [camera.camera]: cv::Mat is empty. Ignoring this frame.[0m
[realsense2_camera_node-1] [31m[ERROR] [1785190709.366731200] [camera.camera]: Failed to fill rgb message inside RGBD message[0m
[realsense2_camera_node-1] [31m[ERROR] [1785190709.400700161] [camera.camera]: cv::Mat is empty. Ignoring this frame.[0m
[realsense2_camera_node-1] [31m[ERROR] [1785190709.400918328] [camera.camera]: Failed to fill rgb message inside RGBD message[0m
[realsense2_camera_node-1] [31m[ERROR] [1785190709.433178998] [camera.camera]: cv::Mat is empty. Ignoring this frame.[0m
[realsense2_camera_node-1] [31m[ERROR] [1785190709.433452581] [camera.camera]: Failed to fill rgb message inside RGBD message[0m
[realsense2_camera_node-1] [31m[ERROR] [1785190709.467406960] [camera.camera]: cv::Mat is empty. Ignoring this frame.[0m
[realsense2_camera_node-1] [31m[ERROR] [1785190709.467787876] [camera.camera]: Failed to fill rgb message inside RGBD message[0m
[realsense2_camera_node-1] [31m[ERROR] [1785190709.499926338] [camera.camera]: cv::Mat is empty. Ignoring this frame.[0m
[realsense2_camera_node-1] [31m[ERROR] [1785190709.500162880] [camera.camera]: Failed to fill rgb message inside RGBD message[0m
[realsense2_camera_node-1] [31m[ERROR] [1785190709.533258300] [camera.camera]: cv::Mat is empty. Ignoring this frame.[0m
[realsense2_camera_node-1] [31m[ERROR] [1785190709.533525466] [camera.camera]: Failed to fill rgb message inside RGBD message[0m
[realsense2_camera_node-1] [31m[ERROR] [1785190709.567549845] [camera.camera]: cv::Mat is empty. Ignoring this frame.[0m
[realsense2_camera_node-1] [31m[ERROR] [1785190709.567762470] [camera.camera]: Failed to fill rgb message inside RGBD message[0m
[realsense2_camera_node-1] [31m[ERROR] [1785190709.599789223] [camera.camera]: cv::Mat is empty. Ignoring this frame.[0m
[realsense2_camera_node-1] [31m[ERROR] [1785190709.600014973] [camera.camera]: Failed to fill rgb message inside RGBD message[0m
[realsense2_camera_node-1] [31m[ERROR] [1785190709.633911310] [camera.camera]: cv::Mat is empty. Ignoring this frame.[0m
[realsense2_camera_node-1] [31m[ERROR] [1785190709.634341518] [camera.camera]: Failed to fill rgb message inside RGBD message[0m
[realsense2_camera_node-1] [31m[ERROR] [1785190709.666768730] [camera.camera]: cv::Mat is empty. Ignoring this frame.[0m
[realsense2_camera_node-1] [31m[ERROR] [1785190709.667001188] [camera.camera]: Failed to fill rgb message inside RGBD message[0m
[realsense2_camera_node-1] [31m[ERROR] [1785190709.699965650] [camera.camera]: cv::Mat is empty. Ignoring this frame.[0m
[realsense2_camera_node-1] [31m[ERROR] [1785190709.700196066] [camera.camera]: Failed to fill rgb message inside RGBD message[0m
[realsense2_camera_node-1] [31m[ERROR] [1785190709.734281987] [camera.camera]: cv::Mat is empty. Ignoring this frame.[0m
[realsense2_camera_node-1] [31m[ERROR] [1785190709.734501028] [camera.camera]: Failed to fill rgb message inside RGBD message[0m
[realsense2_camera_node-1] [31m[ERROR] [1785190709.766791448] [camera.camera]: cv::Mat is empty. Ignoring this frame.[0m
[realsense2_camera_node-1] [31m[ERROR] [1785190709.767078448] [camera.camera]: Failed to fill rgb message inside RGBD message[0m
[realsense2_camera_node-1] [31m[ERROR] [1785190709.800860452] [camera.camera]: cv::Mat is empty. Ignoring this frame.[0m
[realsense2_camera_node-1] [31m[ERROR] [1785190709.801220660] [camera.camera]: Failed to fill rgb message inside RGBD message[0m
[realsense2_camera_node-1] [31m[ERROR] [1785190709.833338997] [camera.camera]: cv::Mat is empty. Ignoring this frame.[0m
[realsense2_camera_node-1] [31m[ERROR] [1785190709.833555997] [camera.camera]: Failed to fill rgb message inside RGBD message[0m
[realsense2_camera_node-1] [31m[ERROR] [1785190709.866770417] [camera.camera]: cv::Mat is empty. Ignoring this frame.[0m
[realsense2_camera_node-1] [31m[ERROR] [1785190709.866995583] [camera.camera]: Failed to fill rgb message inside RGBD message[0m
[realsense2_camera_node-1] [31m[ERROR] [1785190709.900717212] [camera.camera]: cv::Mat is empty. Ignoring this frame.[0m
[realsense2_camera_node-1] [31m[ERROR] [1785190709.900935378] [camera.camera]: Failed to fill rgb message inside RGBD message[0m
[realsense2_camera_node-1] [31m[ERROR] [1785190709.933550715] [camera.camera]: cv::Mat is empty. Ignoring this frame.[0m
[realsense2_camera_node-1] [31m[ERROR] [1785190709.933773257] [camera.camera]: Failed to fill rgb message inside RGBD message[0m
[realsense2_camera_node-1] [31m[ERROR] [1785190709.967522010] [camera.camera]: cv::Mat is empty. Ignoring this frame.[0m
[realsense2_camera_node-1] [31m[ERROR] [1785190709.967981093] [camera.camera]: Failed to fill rgb message inside RGBD message[0m
[realsense2_camera_node-1] [31m[ERROR] [1785190710.000334513] [camera.camera]: cv::Mat is empty. Ignoring this frame.[0m
[realsense2_camera_node-1] [31m[ERROR] [1785190710.000599347] [camera.camera]: Failed to fill rgb message inside RGBD message[0m
[realsense2_camera_node-1] [31m[ERROR] [1785190710.033579850] [camera.camera]: cv::Mat is empty. Ignoring this frame.[0m
[realsense2_camera_node-1] [31m[ERROR] [1785190710.033804433] [camera.camera]: Failed to fill rgb message inside RGBD message[0m
[realsense2_camera_node-1] [31m[ERROR] [1785190710.067551728] [camera.camera]: cv::Mat is empty. Ignoring this frame.[0m
[realsense2_camera_node-1] [31m[ERROR] [1785190710.067783020] [camera.camera]: Failed to fill rgb message inside RGBD message[0m
[realsense2_camera_node-1] [31m[ERROR] [1785190710.100144315] [camera.camera]: cv::Mat is empty. Ignoring this frame.[0m
[realsense2_camera_node-1] [31m[ERROR] [1785190710.100376190] [camera.camera]: Failed to fill rgb message inside RGBD message[0m
[realsense2_camera_node-1] [31m[ERROR] [1785190710.134428568] [camera.camera]: cv::Mat is empty. Ignoring this frame.[0m
[realsense2_camera_node-1] [31m[ERROR] [1785190710.134864027] [camera.camera]: Failed to fill rgb message inside RGBD message[0m
[realsense2_camera_node-1] [31m[ERROR] [1785190710.167203738] [camera.camera]: cv::Mat is empty. Ignoring this frame.[0m
[realsense2_camera_node-1] [31m[ERROR] [1785190710.167462738] [camera.camera]: Failed to fill rgb message inside RGBD message[0m
[realsense2_camera_node-1] [31m[ERROR] [1785190710.200276408] [camera.camera]: cv::Mat is empty. Ignoring this frame.[0m
[realsense2_camera_node-1] [31m[ERROR] [1785190710.200503033] [camera.camera]: Failed to fill rgb message inside RGBD message[0m
[realsense2_camera_node-1] [31m[ERROR] [1785190710.234279787] [camera.camera]: cv::Mat is empty. Ignoring this frame.[0m
[realsense2_camera_node-1] [31m[ERROR] [1785190710.234569120] [camera.camera]: Failed to fill rgb message inside RGBD message[0m
[realsense2_camera_node-1] [31m[ERROR] [1785190710.267042415] [camera.camera]: cv::Mat is empty. Ignoring this frame.[0m
[realsense2_camera_node-1] [31m[ERROR] [1785190710.267268165] [camera.camera]: Failed to fill rgb message inside RGBD message[0m
[realsense2_camera_node-1] [31m[ERROR] [1785190710.301108502] [camera.camera]: cv::Mat is empty. Ignoring this frame.[0m
[realsense2_camera_node-1] [31m[ERROR] [1785190710.301561169] [camera.camera]: Failed to fill rgb message inside RGBD message[0m
[realsense2_camera_node-1] [31m[ERROR] [1785190710.333864422] [camera.camera]: cv::Mat is empty. Ignoring this frame.[0m
[realsense2_camera_node-1] [31m[ERROR] [1785190710.334095130] [camera.camera]: Failed to fill rgb message inside RGBD message[0m
[realsense2_camera_node-1] [31m[ERROR] [1785190710.367584009] [camera.camera]: cv::Mat is empty. Ignoring this frame.[0m
[realsense2_camera_node-1] [31m[ERROR] [1785190710.367849717] [camera.camera]: Failed to fill rgb message inside RGBD message[0m
[realsense2_camera_node-1] [31m[ERROR] [1785190710.400848012] [camera.camera]: cv::Mat is empty. Ignoring this frame.[0m
[realsense2_camera_node-1] [31m[ERROR] [1785190710.401110512] [camera.camera]: Failed to fill rgb message inside RGBD message[0m
[realsense2_camera_node-1] [31m[ERROR] [1785190710.428191181] [camera.camera]: cv::Mat is empty. Ignoring this frame.[0m
[realsense2_camera_node-1] [31m[ERROR] [1785190710.428336723] [camera.camera]: Failed to fill rgb message inside RGBD message[0m
[realsense2_camera_node-1] [31m[ERROR] [1785190710.461484935] [camera.camera]: cv::Mat is empty. Ignoring this frame.[0m
[realsense2_camera_node-1] [31m[ERROR] [1785190710.461625518] [camera.camera]: Failed to fill rgb message inside RGBD message[0m
[realsense2_camera_node-1] [31m[ERROR] [1785190710.495212688] [camera.camera]: cv::Mat is empty. Ignoring this frame.[0m
[realsense2_camera_node-1] [31m[ERROR] [1785190710.495415396] [camera.camera]: Failed to fill rgb message inside RGBD message[0m
[realsense2_camera_node-1] [31m[ERROR] [1785190710.527860108] [camera.camera]: cv::Mat is empty. Ignoring this frame.[0m
[realsense2_camera_node-1] [31m[ERROR] [1785190710.527961900] [camera.camera]: Failed to fill rgb message inside RGBD message[0m
[realsense2_camera_node-1] [31m[ERROR] [1785190710.561201695] [camera.camera]: cv::Mat is empty. Ignoring this frame.[0m
[realsense2_camera_node-1] [31m[ERROR] [1785190710.561309611] [camera.camera]: Failed to fill rgb message inside RGBD message[0m
[realsense2_camera_node-1] [31m[ERROR] [1785190710.594823865] [camera.camera]: cv::Mat is empty. Ignoring this frame.[0m
[realsense2_camera_node-1] [31m[ERROR] [1785190710.594924490] [camera.camera]: Failed to fill rgb message inside RGBD message[0m
[realsense2_camera_node-1] [31m[ERROR] [1785190710.627929785] [camera.camera]: cv::Mat is empty. Ignoring this frame.[0m
[realsense2_camera_node-1] [31m[ERROR] [1785190710.628029243] [camera.camera]: Failed to fill rgb message inside RGBD message[0m
[realsense2_camera_node-1] [31m[ERROR] [1785190710.661773621] [camera.camera]: cv::Mat is empty. Ignoring this frame.[0m
[realsense2_camera_node-1] [31m[ERROR] [1785190710.662057705] [camera.camera]: Failed to fill rgb message inside RGBD message[0m
[realsense2_camera_node-1] [31m[ERROR] [1785190710.694807208] [camera.camera]: cv::Mat is empty. Ignoring this frame.[0m
[realsense2_camera_node-1] [31m[ERROR] [1785190710.694904041] [camera.camera]: Failed to fill rgb message inside RGBD message[0m
[realsense2_camera_node-1] [31m[ERROR] [1785190710.727983128] [camera.camera]: cv::Mat is empty. Ignoring this frame.[0m
[realsense2_camera_node-1] [31m[ERROR] [1785190710.728111461] [camera.camera]: Failed to fill rgb message inside RGBD message[0m
[realsense2_camera_node-1] [31m[ERROR] [1785190710.761535006] [camera.camera]: cv::Mat is empty. Ignoring this frame.[0m
[realsense2_camera_node-1] [31m[ERROR] [1785190710.761641756] [camera.camera]: Failed to fill rgb message inside RGBD message[0m
[realsense2_camera_node-1] [31m[ERROR] [1785190710.794841010] [camera.camera]: cv::Mat is empty. Ignoring this frame.[0m
[realsense2_camera_node-1] [31m[ERROR] [1785190710.794928510] [camera.camera]: Failed to fill rgb message inside RGBD message[0m
[realsense2_camera_node-1] [31m[ERROR] [1785190710.828862180] [camera.camera]: cv::Mat is empty. Ignoring this frame.[0m
[realsense2_camera_node-1] [31m[ERROR] [1785190710.828959305] [camera.camera]: Failed to fill rgb message inside RGBD message[0m
[realsense2_camera_node-1] [31m[ERROR] [1785190710.861618683] [camera.camera]: cv::Mat is empty. Ignoring this frame.[0m
[realsense2_camera_node-1] [31m[ERROR] [1785190710.861800683] [camera.camera]: Failed to fill rgb message inside RGBD message[0m
[realsense2_camera_node-1] [31m[ERROR] [1785190710.894906603] [camera.camera]: cv::Mat is empty. Ignoring this frame.[0m
[realsense2_camera_node-1] [31m[ERROR] [1785190710.894999353] [camera.camera]: Failed to fill rgb message inside RGBD message[0m
[realsense2_camera_node-1] [31m[ERROR] [1785190710.928092148] [camera.camera]: cv::Mat is empty. Ignoring this frame.[0m
[realsense2_camera_node-1] [31m[ERROR] [1785190710.928191898] [camera.camera]: Failed to fill rgb message inside RGBD message[0m
[realsense2_camera_node-1] [31m[ERROR] [1785190710.961471652] [camera.camera]: cv::Mat is empty. Ignoring this frame.[0m
[realsense2_camera_node-1] [31m[ERROR] [1785190710.961567027] [camera.camera]: Failed to fill rgb message inside RGBD message[0m
[realsense2_camera_node-1] [31m[ERROR] [1785190710.995404447] [camera.camera]: cv::Mat is empty. Ignoring this frame.[0m
[realsense2_camera_node-1] [31m[ERROR] [1785190710.995496030] [camera.camera]: Failed to fill rgb message inside RGBD message[0m
[realsense2_camera_node-1] [31m[ERROR] [1785190711.028444450] [camera.camera]: cv::Mat is empty. Ignoring this frame.[0m
[realsense2_camera_node-1] [31m[ERROR] [1785190711.028548867] [camera.camera]: Failed to fill rgb message inside RGBD message[0m
[realsense2_camera_node-1] [31m[ERROR] [1785190711.061818120] [camera.camera]: cv::Mat is empty. Ignoring this frame.[0m
[realsense2_camera_node-1] [31m[ERROR] [1785190711.062055537] [camera.camera]: Failed to fill rgb message inside RGBD message[0m
[realsense2_camera_node-1] [31m[ERROR] [1785190711.095090290] [camera.camera]: cv::Mat is empty. Ignoring this frame.[0m
[realsense2_camera_node-1] [31m[ERROR] [1785190711.095185082] [camera.camera]: Failed to fill rgb message inside RGBD message[0m
[realsense2_camera_node-1] [31m[ERROR] [1785190711.128400960] [camera.camera]: cv::Mat is empty. Ignoring this frame.[0m
[realsense2_camera_node-1] [31m[ERROR] [1785190711.128490502] [camera.camera]: Failed to fill rgb message inside RGBD message[0m
[realsense2_camera_node-1] [31m[ERROR] [1785190711.162386255] [camera.camera]: cv::Mat is empty. Ignoring this frame.[0m
[realsense2_camera_node-1] [31m[ERROR] [1785190711.162467922] [camera.camera]: Failed to fill rgb message inside RGBD message[0m
[realsense2_camera_node-1] [31m[ERROR] [1785190711.195114758] [camera.camera]: cv::Mat is empty. Ignoring this frame.[0m
[realsense2_camera_node-1] [31m[ERROR] [1785190711.195197008] [camera.camera]: Failed to fill rgb message inside RGBD message[0m
[realsense2_camera_node-1] [31m[ERROR] [1785190711.228563970] [camera.camera]: cv::Mat is empty. Ignoring this frame.[0m
[realsense2_camera_node-1] [31m[ERROR] [1785190711.228781845] [camera.camera]: Failed to fill rgb message inside RGBD message[0m
[realsense2_camera_node-1] [31m[ERROR] [1785190711.267987099] [camera.camera]: cv::Mat is empty. Ignoring this frame.[0m
[realsense2_camera_node-1] [31m[ERROR] [1785190711.268230349] [camera.camera]: Failed to fill rgb message inside RGBD message[0m
[realsense2_camera_node-1] [31m[ERROR] [1785190711.302066311] [camera.camera]: cv::Mat is empty. Ignoring this frame.[0m
[realsense2_camera_node-1] [31m[ERROR] [1785190711.302314519] [camera.camera]: Failed to fill rgb message inside RGBD message[0m
[realsense2_camera_node-1] [31m[ERROR] [1785190711.337166648] [camera.camera]: cv::Mat is empty. Ignoring this frame.[0m
[realsense2_camera_node-1] [31m[ERROR] [1785190711.337386856] [camera.camera]: Failed to fill rgb message inside RGBD message[0m
[realsense2_camera_node-1] [31m[ERROR] [1785190711.368132317] [camera.camera]: cv::Mat is empty. Ignoring this frame.[0m
[realsense2_camera_node-1] [31m[ERROR] [1785190711.368374109] [camera.camera]: Failed to fill rgb message inside RGBD message[0m
[realsense2_camera_node-1] [31m[ERROR] [1785190711.402261112] [camera.camera]: cv::Mat is empty. Ignoring this frame.[0m
[realsense2_camera_node-1] [31m[ERROR] [1785190711.402632988] [camera.camera]: Failed to fill rgb message inside RGBD message[0m
[realsense2_camera_node-1] [31m[ERROR] [1785190711.434960449] [camera.camera]: cv::Mat is empty. Ignoring this frame.[0m
[realsense2_camera_node-1] [31m[ERROR] [1785190711.435184741] [camera.camera]: Failed to fill rgb message inside RGBD message[0m
[realsense2_camera_node-1] [31m[ERROR] [1785190711.468101077] [camera.camera]: cv::Mat is empty. Ignoring this frame.[0m
[realsense2_camera_node-1] [31m[ERROR] [1785190711.468394786] [camera.camera]: Failed to fill rgb message inside RGBD message[0m
[realsense2_camera_node-1] [31m[ERROR] [1785190711.501826206] [camera.camera]: cv::Mat is empty. Ignoring this frame.[0m
[realsense2_camera_node-1] [31m[ERROR] [1785190711.502079956] [camera.camera]: Failed to fill rgb message inside RGBD message[0m
[realsense2_camera_node-1] [31m[ERROR] [1785190711.534595834] [camera.camera]: cv::Mat is empty. Ignoring this frame.[0m
[realsense2_camera_node-1] [31m[ERROR] [1785190711.534832084] [camera.camera]: Failed to fill rgb message inside RGBD message[0m
[realsense2_camera_node-1] [31m[ERROR] [1785190711.568739213] [camera.camera]: cv::Mat is empty. Ignoring this frame.[0m
[realsense2_camera_node-1] [31m[ERROR] [1785190711.569092129] [camera.camera]: Failed to fill rgb message inside RGBD message[0m
[realsense2_camera_node-1] [31m[ERROR] [1785190711.601350466] [camera.camera]: cv::Mat is empty. Ignoring this frame.[0m
[realsense2_camera_node-1] [31m[ERROR] [1785190711.601584091] [camera.camera]: Failed to fill rgb message inside RGBD message[0m
[realsense2_camera_node-1] [31m[ERROR] [1785190711.634713928] [camera.camera]: cv::Mat is empty. Ignoring this frame.[0m
[realsense2_camera_node-1] [31m[ERROR] [1785190711.634989261] [camera.camera]: Failed to fill rgb message inside RGBD message[0m
[realsense2_camera_node-1] [31m[ERROR] [1785190711.668800139] [camera.camera]: cv::Mat is empty. Ignoring this frame.[0m
[realsense2_camera_node-1] [31m[ERROR] [1785190711.669077223] [camera.camera]: Failed to fill rgb message inside RGBD message[0m
[realsense2_camera_node-1] [31m[ERROR] [1785190711.701336434] [camera.camera]: cv::Mat is empty. Ignoring this frame.[0m
[realsense2_camera_node-1] [31m[ERROR] [1785190711.701564226] [camera.camera]: Failed to fill rgb message inside RGBD message[0m
[realsense2_camera_node-1] [31m[ERROR] [1785190711.735592104] [camera.camera]: cv::Mat is empty. Ignoring this frame.[0m
[realsense2_camera_node-1] [31m[ERROR] [1785190711.736076854] [camera.camera]: Failed to fill rgb message inside RGBD message[0m
[realsense2_camera_node-1] [31m[ERROR] [1785190711.767996566] [camera.camera]: cv::Mat is empty. Ignoring this frame.[0m
[realsense2_camera_node-1] [31m[ERROR] [1785190711.768233983] [camera.camera]: Failed to fill rgb message inside RGBD message[0m
[realsense2_camera_node-1] [31m[ERROR] [1785190711.801500903] [camera.camera]: cv::Mat is empty. Ignoring this frame.[0m
[realsense2_camera_node-1] [31m[ERROR] [1785190711.801729278] [camera.camera]: Failed to fill rgb message inside RGBD message[0m
[realsense2_camera_node-1] [31m[ERROR] [1785190711.835426114] [camera.camera]: cv::Mat is empty. Ignoring this frame.[0m
[realsense2_camera_node-1] [31m[ERROR] [1785190711.835649239] [camera.camera]: Failed to fill rgb message inside RGBD message[0m
[realsense2_camera_node-1] [31m[ERROR] [1785190711.868090451] [camera.camera]: cv::Mat is empty. Ignoring this frame.[0m
[realsense2_camera_node-1] [31m[ERROR] [1785190711.868323201] [camera.camera]: Failed to fill rgb message inside RGBD message[0m
[realsense2_camera_node-1] [31m[ERROR] [1785190711.902332996] [camera.camera]: cv::Mat is empty. Ignoring this frame.[0m
[realsense2_camera_node-1] [31m[ERROR] [1785190711.902700496] [camera.camera]: Failed to fill rgb message inside RGBD message[0m
[realsense2_camera_node-1] [31m[ERROR] [1785190711.934917416] [camera.camera]: cv::Mat is empty. Ignoring this frame.[0m
[realsense2_camera_node-1] [31m[ERROR] [1785190711.935145208] [camera.camera]: Failed to fill rgb message inside RGBD message[0m
[realsense2_camera_node-1] [31m[ERROR] [1785190711.968288753] [camera.camera]: cv::Mat is empty. Ignoring this frame.[0m
[realsense2_camera_node-1] [31m[ERROR] [1785190711.968558836] [camera.camera]: Failed to fill rgb message inside RGBD message[0m
[realsense2_camera_node-1] [31m[ERROR] [1785190712.002209006] [camera.camera]: cv::Mat is empty. Ignoring this frame.[0m
[realsense2_camera_node-1] [31m[ERROR] [1785190712.002449048] [camera.camera]: Failed to fill rgb message inside RGBD message[0m
[realsense2_camera_node-1] [31m[ERROR] [1785190712.034949759] [camera.camera]: cv::Mat is empty. Ignoring this frame.[0m
[realsense2_camera_node-1] [31m[ERROR] [1785190712.035178426] [camera.camera]: Failed to fill rgb message inside RGBD message[0m
[realsense2_camera_node-1] [31m[ERROR] [1785190712.069164888] [camera.camera]: cv::Mat is empty. Ignoring this frame.[0m
[realsense2_camera_node-1] [31m[ERROR] [1785190712.069532096] [camera.camera]: Failed to fill rgb message inside RGBD message[0m
[realsense2_camera_node-1] [31m[ERROR] [1785190712.101667641] [camera.camera]: cv::Mat is empty. Ignoring this frame.[0m
[realsense2_camera_node-1] [31m[ERROR] [1785190712.101891933] [camera.camera]: Failed to fill rgb message inside RGBD message[0m
[realsense2_camera_node-1] [31m[ERROR] [1785190712.135067269] [camera.camera]: cv::Mat is empty. Ignoring this frame.[0m
[realsense2_camera_node-1] [31m[ERROR] [1785190712.135298269] [camera.camera]: Failed to fill rgb message inside RGBD message[0m
[realsense2_camera_node-1] [31m[ERROR] [1785190712.168968565] [camera.camera]: cv::Mat is empty. Ignoring this frame.[0m
[realsense2_camera_node-1] [31m[ERROR] [1785190712.169236315] [camera.camera]: Failed to fill rgb message inside RGBD message[0m
[realsense2_camera_node-1] [31m[ERROR] [1785190712.201769401] [camera.camera]: cv::Mat is empty. Ignoring this frame.[0m
[realsense2_camera_node-1] [31m[ERROR] [1785190712.202024026] [camera.camera]: Failed to fill rgb message inside RGBD message[0m
[realsense2_camera_node-1] [31m[ERROR] [1785190712.235964113] [camera.camera]: cv::Mat is empty. Ignoring this frame.[0m
[realsense2_camera_node-1] [31m[ERROR] [1785190712.236328696] [camera.camera]: Failed to fill rgb message inside RGBD message[0m
[realsense2_camera_node-1] [31m[ERROR] [1785190712.268515283] [camera.camera]: cv::Mat is empty. Ignoring this frame.[0m
[realsense2_camera_node-1] [31m[ERROR] [1785190712.268778950] [camera.camera]: Failed to fill rgb message inside RGBD message[0m
[realsense2_camera_node-1] [31m[ERROR] [1785190712.301762661] [camera.camera]: cv::Mat is empty. Ignoring this frame.[0m
[realsense2_camera_node-1] [31m[ERROR] [1785190712.302083203] [camera.camera]: Failed to fill rgb message inside RGBD message[0m
[realsense2_camera_node-1] [31m[ERROR] [1785190712.335724915] [camera.camera]: cv::Mat is empty. Ignoring this frame.[0m
[realsense2_camera_node-1] [31m[ERROR] [1785190712.336018331] [camera.camera]: Failed to fill rgb message inside RGBD message[0m
[realsense2_camera_node-1] [31m[ERROR] [1785190712.368477335] [camera.camera]: cv::Mat is empty. Ignoring this frame.[0m
[realsense2_camera_node-1] [31m[ERROR] [1785190712.368724668] [camera.camera]: Failed to fill rgb message inside RGBD message[0m
[realsense2_camera_node-1] [31m[ERROR] [1785190712.402747588] [camera.camera]: cv::Mat is empty. Ignoring this frame.[0m
[realsense2_camera_node-1] [31m[ERROR] [1785190712.403174296] [camera.camera]: Failed to fill rgb message inside RGBD message[0m
[realsense2_camera_node-1] [31m[ERROR] [1785190712.435457133] [camera.camera]: cv::Mat is empty. Ignoring this frame.[0m
[realsense2_camera_node-1] [31m[ERROR] [1785190712.435695716] [camera.camera]: Failed to fill rgb message inside RGBD message[0m
[realsense2_camera_node-1] [31m[ERROR] [1785190712.468656678] [camera.camera]: cv::Mat is empty. Ignoring this frame.[0m
[realsense2_camera_node-1] [31m[ERROR] [1785190712.468889720] [camera.camera]: Failed to fill rgb message inside RGBD message[0m
[realsense2_camera_node-1] [31m[ERROR] [1785190712.502748723] [camera.camera]: cv::Mat is empty. Ignoring this frame.[0m
[realsense2_camera_node-1] [31m[ERROR] [1785190712.502968640] [camera.camera]: Failed to fill rgb message inside RGBD message[0m
[realsense2_camera_node-1] [31m[ERROR] [1785190712.535574060] [camera.camera]: cv::Mat is empty. Ignoring this frame.[0m
[realsense2_camera_node-1] [31m[ERROR] [1785190712.535810893] [camera.camera]: Failed to fill rgb message inside RGBD message[0m
[realsense2_camera_node-1] [31m[ERROR] [1785190712.569784230] [camera.camera]: cv::Mat is empty. Ignoring this frame.[0m
[realsense2_camera_node-1] [31m[ERROR] [1785190712.570153772] [camera.camera]: Failed to fill rgb message inside RGBD message[0m
[realsense2_camera_node-1] [31m[ERROR] [1785190712.602158941] [camera.camera]: cv::Mat is empty. Ignoring this frame.[0m
[realsense2_camera_node-1] [31m[ERROR] [1785190712.602369233] [camera.camera]: Failed to fill rgb message inside RGBD message[0m
[realsense2_camera_node-1] [31m[ERROR] [1785190712.635491195] [camera.camera]: cv::Mat is empty. Ignoring this frame.[0m
[realsense2_camera_node-1] [31m[ERROR] [1785190712.635721028] [camera.camera]: Failed to fill rgb message inside RGBD message[0m
[realsense2_camera_node-1] [31m[ERROR] [1785190712.669425448] [camera.camera]: cv::Mat is empty. Ignoring this frame.[0m
[realsense2_camera_node-1] [31m[ERROR] [1785190712.669647990] [camera.camera]: Failed to fill rgb message inside RGBD message[0m
[realsense2_camera_node-1] [31m[ERROR] [1785190712.702178451] [camera.camera]: cv::Mat is empty. Ignoring this frame.[0m
[realsense2_camera_node-1] [31m[ERROR] [1785190712.702406826] [camera.camera]: Failed to fill rgb message inside RGBD message[0m
[realsense2_camera_node-1] [31m[ERROR] [1785190712.736538830] [camera.camera]: cv::Mat is empty. Ignoring this frame.[0m
[realsense2_camera_node-1] [31m[ERROR] [1785190712.736910122] [camera.camera]: Failed to fill rgb message inside RGBD message[0m
[realsense2_camera_node-1] [31m[ERROR] [1785190712.768975375] [camera.camera]: cv::Mat is empty. Ignoring this frame.[0m
[realsense2_camera_node-1] [31m[ERROR] [1785190712.769200250] [camera.camera]: Failed to fill rgb message inside RGBD message[0m
[realsense2_camera_node-1] [31m[ERROR] [1785190712.802285753] [camera.camera]: cv::Mat is empty. Ignoring this frame.[0m
[realsense2_camera_node-1] [31m[ERROR] [1785190712.802517045] [camera.camera]: Failed to fill rgb message inside RGBD message[0m
[realsense2_camera_node-1] [31m[ERROR] [1785190712.836022548] [camera.camera]: cv::Mat is empty. Ignoring this frame.[0m
[realsense2_camera_node-1] [31m[ERROR] [1785190712.836245673] [camera.camera]: Failed to fill rgb message inside RGBD message[0m
[realsense2_camera_node-1] [31m[ERROR] [1785190712.868932177] [camera.camera]: cv::Mat is empty. Ignoring this frame.[0m
[realsense2_camera_node-1] [31m[ERROR] [1785190712.869155010] [camera.camera]: Failed to fill rgb message inside RGBD message[0m
[realsense2_camera_node-1] [31m[ERROR] [1785190712.903339805] [camera.camera]: cv::Mat is empty. Ignoring this frame.[0m
[realsense2_camera_node-1] [31m[ERROR] [1785190712.903719847] [camera.camera]: Failed to fill rgb message inside RGBD message[0m
[realsense2_camera_node-1] [31m[ERROR] [1785190712.935697308] [camera.camera]: cv::Mat is empty. Ignoring this frame.[0m
[realsense2_camera_node-1] [31m[ERROR] [1785190712.935933558] [camera.camera]: Failed to fill rgb message inside RGBD message[0m
[realsense2_camera_node-1] [31m[ERROR] [1785190712.969003895] [camera.camera]: cv::Mat is empty. Ignoring this frame.[0m
[realsense2_camera_node-1] [31m[ERROR] [1785190712.969232270] [camera.camera]: Failed to fill rgb message inside RGBD message[0m
[realsense2_camera_node-1] [31m[ERROR] [1785190713.002847440] [camera.camera]: cv::Mat is empty. Ignoring this frame.[0m
[realsense2_camera_node-1] [31m[ERROR] [1785190713.003198607] [camera.camera]: Failed to fill rgb message inside RGBD message[0m
[realsense2_camera_node-1] [31m[ERROR] [1785190713.035601902] [camera.camera]: cv::Mat is empty. Ignoring this frame.[0m
[realsense2_camera_node-1] [31m[ERROR] [1785190713.035845152] [camera.camera]: Failed to fill rgb message inside RGBD message[0m
[realsense2_camera_node-1] [31m[ERROR] [1785190713.070264447] [camera.camera]: cv::Mat is empty. Ignoring this frame.[0m
[realsense2_camera_node-1] [31m[ERROR] [1785190713.070627863] [camera.camera]: Failed to fill rgb message inside RGBD message[0m
[realsense2_camera_node-1] [31m[ERROR] [1785190713.102548450] [camera.camera]: cv::Mat is empty. Ignoring this frame.[0m
[realsense2_camera_node-1] [31m[ERROR] [1785190713.102775367] [camera.camera]: Failed to fill rgb message inside RGBD message[0m
[realsense2_camera_node-1] [31m[ERROR] [1785190713.135745370] [camera.camera]: cv::Mat is empty. Ignoring this frame.[0m
[realsense2_camera_node-1] [31m[ERROR] [1785190713.135972287] [camera.camera]: Failed to fill rgb message inside RGBD message[0m
[realsense2_camera_node-1] [31m[ERROR] [1785190713.169619248] [camera.camera]: cv::Mat is empty. Ignoring this frame.[0m
[realsense2_camera_node-1] [31m[ERROR] [1785190713.169849665] [camera.camera]: Failed to fill rgb message inside RGBD message[0m
[realsense2_camera_node-1] [31m[ERROR] [1785190713.202461793] [camera.camera]: cv::Mat is empty. Ignoring this frame.[0m
[realsense2_camera_node-1] [31m[ERROR] [1785190713.202692502] [camera.camera]: Failed to fill rgb message inside RGBD message[0m
[realsense2_camera_node-1] [31m[ERROR] [1785190713.236798255] [camera.camera]: cv::Mat is empty. Ignoring this frame.[0m
[realsense2_camera_node-1] [31m[ERROR] [1785190713.237168964] [camera.camera]: Failed to fill rgb message inside RGBD message[0m
[realsense2_camera_node-1] [31m[ERROR] [1785190713.269247633] [camera.camera]: cv::Mat is empty. Ignoring this frame.[0m
[realsense2_camera_node-1] [31m[ERROR] [1785190713.269473675] [camera.camera]: Failed to fill rgb message inside RGBD message[0m
[realsense2_camera_node-1] [31m[ERROR] [1785190713.302556262] [camera.camera]: cv::Mat is empty. Ignoring this frame.[0m
[realsense2_camera_node-1] [31m[ERROR] [1785190713.302790178] [camera.camera]: Failed to fill rgb message inside RGBD message[0m
[realsense2_camera_node-1] [31m[ERROR] [1785190713.336119515] [camera.camera]: cv::Mat is empty. Ignoring this frame.[0m
[realsense2_camera_node-1] [31m[ERROR] [1785190713.336365390] [camera.camera]: Failed to fill rgb message inside RGBD message[0m
[realsense2_camera_node-1] [31m[ERROR] [1785190713.369418810] [camera.camera]: cv::Mat is empty. Ignoring this frame.[0m
[realsense2_camera_node-1] [31m[ERROR] [1785190713.369673435] [camera.camera]: Failed to fill rgb message inside RGBD message[0m
[realsense2_camera_node-1] [31m[ERROR] [1785190713.403665439] [camera.camera]: cv::Mat is empty. Ignoring this frame.[0m
[realsense2_camera_node-1] [31m[ERROR] [1785190713.404042564] [camera.camera]: Failed to fill rgb message inside RGBD message[0m
[realsense2_camera_node-1] [31m[ERROR] [1785190713.436166150] [camera.camera]: cv::Mat is empty. Ignoring this frame.[0m
[realsense2_camera_node-1] [31m[ERROR] [1785190713.436407067] [camera.camera]: Failed to fill rgb message inside RGBD message[0m
[realsense2_camera_node-1] [31m[ERROR] [1785190713.469419654] [camera.camera]: cv::Mat is empty. Ignoring this frame.[0m
[realsense2_camera_node-1] [31m[ERROR] [1785190713.469655904] [camera.camera]: Failed to fill rgb message inside RGBD message[0m
[realsense2_camera_node-1] [31m[ERROR] [1785190713.503160532] [camera.camera]: cv::Mat is empty. Ignoring this frame.[0m
[realsense2_camera_node-1] [31m[ERROR] [1785190713.503394740] [camera.camera]: Failed to fill rgb message inside RGBD message[0m
[realsense2_camera_node-1] [31m[ERROR] [1785190713.536090577] [camera.camera]: cv::Mat is empty. Ignoring this frame.[0m
[realsense2_camera_node-1] [31m[ERROR] [1785190713.536321869] [camera.camera]: Failed to fill rgb message inside RGBD message[0m
[realsense2_camera_node-1] [31m[ERROR] [1785190713.570469330] [camera.camera]: cv::Mat is empty. Ignoring this frame.[0m
[realsense2_camera_node-1] [31m[ERROR] [1785190713.570848789] [camera.camera]: Failed to fill rgb message inside RGBD message[0m
[realsense2_camera_node-1] [31m[ERROR] [1785190713.602783667] [camera.camera]: cv::Mat is empty. Ignoring this frame.[0m
[realsense2_camera_node-1] [31m[ERROR] [1785190713.603016417] [camera.camera]: Failed to fill rgb message inside RGBD message[0m
[realsense2_camera_node-1] [31m[ERROR] [1785190713.636036295] [camera.camera]: cv::Mat is empty. Ignoring this frame.[0m
[realsense2_camera_node-1] [31m[ERROR] [1785190713.636264087] [camera.camera]: Failed to fill rgb message inside RGBD message[0m
[realsense2_camera_node-1] [31m[ERROR] [1785190713.669891799] [camera.camera]: cv::Mat is empty. Ignoring this frame.[0m
[realsense2_camera_node-1] [31m[ERROR] [1785190713.670207382] [camera.camera]: Failed to fill rgb message inside RGBD message[0m
[realsense2_camera_node-1] [31m[ERROR] [1785190713.702937927] [camera.camera]: cv::Mat is empty. Ignoring this frame.[0m
[realsense2_camera_node-1] [31m[ERROR] [1785190713.703168344] [camera.camera]: Failed to fill rgb message inside RGBD message[0m
[realsense2_camera_node-1] [31m[ERROR] [1785190713.737412930] [camera.camera]: cv::Mat is empty. Ignoring this frame.[0m
[realsense2_camera_node-1] [31m[ERROR] [1785190713.737930931] [camera.camera]: Failed to fill rgb message inside RGBD message[0m
[realsense2_camera_node-1] [31m[ERROR] [1785190713.769697809] [camera.camera]: cv::Mat is empty. Ignoring this frame.[0m
[realsense2_camera_node-1] [31m[ERROR] [1785190713.769925600] [camera.camera]: Failed to fill rgb message inside RGBD message[0m
[realsense2_camera_node-1] [31m[ERROR] [1785190713.802946937] [camera.camera]: cv::Mat is empty. Ignoring this frame.[0m
[realsense2_camera_node-1] [31m[ERROR] [1785190713.803175020] [camera.camera]: Failed to fill rgb message inside RGBD message[0m
[realsense2_camera_node-1] [31m[ERROR] [1785190713.836634149] [camera.camera]: cv::Mat is empty. Ignoring this frame.[0m
[realsense2_camera_node-1] [31m[ERROR] [1785190713.836881482] [camera.camera]: Failed to fill rgb message inside RGBD message[0m
[realsense2_camera_node-1] [31m[ERROR] [1785190713.869830777] [camera.camera]: cv::Mat is empty. Ignoring this frame.[0m
[realsense2_camera_node-1] [31m[ERROR] [1785190713.870077235] [camera.camera]: Failed to fill rgb message inside RGBD message[0m
[realsense2_camera_node-1] [31m[ERROR] [1785190713.904138364] [camera.camera]: cv::Mat is empty. Ignoring this frame.[0m
[realsense2_camera_node-1] [31m[ERROR] [1785190713.904499447] [camera.camera]: Failed to fill rgb message inside RGBD message[0m
[realsense2_camera_node-1] [31m[ERROR] [1785190713.936459117] [camera.camera]: cv::Mat is empty. Ignoring this frame.[0m
[realsense2_camera_node-1] [31m[ERROR] [1785190713.936688659] [camera.camera]: Failed to fill rgb message inside RGBD message[0m
[realsense2_camera_node-1] [31m[ERROR] [1785190713.969744120] [camera.camera]: cv::Mat is empty. Ignoring this frame.[0m
[realsense2_camera_node-1] [31m[ERROR] [1785190713.969980954] [camera.camera]: Failed to fill rgb message inside RGBD message[0m
[realsense2_camera_node-1] [31m[ERROR] [1785190714.003512124] [camera.camera]: cv::Mat is empty. Ignoring this frame.[0m
[realsense2_camera_node-1] [31m[ERROR] [1785190714.003761207] [camera.camera]: Failed to fill rgb message inside RGBD message[0m
[realsense2_camera_node-1] [31m[ERROR] [1785190714.036394919] [camera.camera]: cv::Mat is empty. Ignoring this frame.[0m
[realsense2_camera_node-1] [31m[ERROR] [1785190714.036622127] [camera.camera]: Failed to fill rgb message inside RGBD message[0m
[realsense2_camera_node-1] [31m[ERROR] [1785190714.071010214] [camera.camera]: cv::Mat is empty. Ignoring this frame.[0m
[realsense2_camera_node-1] [31m[ERROR] [1785190714.071498756] [camera.camera]: Failed to fill rgb message inside RGBD message[0m
[realsense2_camera_node-1] [31m[ERROR] [1785190714.103199426] [camera.camera]: cv::Mat is empty. Ignoring this frame.[0m
[realsense2_camera_node-1] [31m[ERROR] [1785190714.103438592] [camera.camera]: Failed to fill rgb message inside RGBD message[0m
[realsense2_camera_node-1] [31m[ERROR] [1785190714.136792137] [camera.camera]: cv::Mat is empty. Ignoring this frame.[0m
[realsense2_camera_node-1] [31m[ERROR] [1785190714.137050262] [camera.camera]: Failed to fill rgb message inside RGBD message[0m
[realsense2_camera_node-1] [31m[ERROR] [1785190714.170271099] [camera.camera]: cv::Mat is empty. Ignoring this frame.[0m
[realsense2_camera_node-1] [31m[ERROR] [1785190714.170514932] [camera.camera]: Failed to fill rgb message inside RGBD message[0m
[realsense2_camera_node-1] [31m[ERROR] [1785190714.203229727] [camera.camera]: cv::Mat is empty. Ignoring this frame.[0m
[realsense2_camera_node-1] [31m[ERROR] [1785190714.203455186] [camera.camera]: Failed to fill rgb message inside RGBD message[0m
[realsense2_camera_node-1] [31m[ERROR] [1785190714.237913272] [camera.camera]: cv::Mat is empty. Ignoring this frame.[0m
[realsense2_camera_node-1] [31m[ERROR] [1785190714.238284272] [camera.camera]: Failed to fill rgb message inside RGBD message[0m
[realsense2_camera_node-1] [31m[ERROR] [1785190714.270225567] [camera.camera]: cv::Mat is empty. Ignoring this frame.[0m
[realsense2_camera_node-1] [31m[ERROR] [1785190714.270458317] [camera.camera]: Failed to fill rgb message inside RGBD message[0m
[realsense2_camera_node-1] [31m[ERROR] [1785190714.303460696] [camera.camera]: cv::Mat is empty. Ignoring this frame.[0m
[realsense2_camera_node-1] [31m[ERROR] [1785190714.303685862] [camera.camera]: Failed to fill rgb message inside RGBD message[0m
[realsense2_camera_node-1] [31m[ERROR] [1785190714.337490616] [camera.camera]: cv::Mat is empty. Ignoring this frame.[0m
[realsense2_camera_node-1] [31m[ERROR] [1785190714.337706449] [camera.camera]: Failed to fill rgb message inside RGBD message[0m
[realsense2_camera_node-1] [31m[ERROR] [1785190714.370310994] [camera.camera]: cv::Mat is empty. Ignoring this frame.[0m
[realsense2_camera_node-1] [31m[ERROR] [1785190714.370532077] [camera.camera]: Failed to fill rgb message inside RGBD message[0m
[realsense2_camera_node-1] [31m[ERROR] [1785190714.404643373] [camera.camera]: cv::Mat is empty. Ignoring this frame.[0m
[realsense2_camera_node-1] [31m[ERROR] [1785190714.405024581] [camera.camera]: Failed to fill rgb message inside RGBD message[0m
[realsense2_camera_node-1] [31m[ERROR] [1785190714.436911917] [camera.camera]: cv::Mat is empty. Ignoring this frame.[0m
[realsense2_camera_node-1] [31m[ERROR] [1785190714.437164792] [camera.camera]: Failed to fill rgb message inside RGBD message[0m
[realsense2_camera_node-1] [31m[ERROR] [1785190714.470264587] [camera.camera]: cv::Mat is empty. Ignoring this frame.[0m
[realsense2_camera_node-1] [31m[ERROR] [1785190714.470511337] [camera.camera]: Failed to fill rgb message inside RGBD message[0m
[realsense2_camera_node-1] [31m[ERROR] [1785190714.503733632] [camera.camera]: cv::Mat is empty. Ignoring this frame.[0m
[realsense2_camera_node-1] [31m[ERROR] [1785190714.503995841] [camera.camera]: Failed to fill rgb message inside RGBD message[0m
[realsense2_camera_node-1] [31m[ERROR] [1785190714.536859677] [camera.camera]: cv::Mat is empty. Ignoring this frame.[0m
[realsense2_camera_node-1] [31m[ERROR] [1785190714.537212594] [camera.camera]: Failed to fill rgb message inside RGBD message[0m
[realsense2_camera_node-1] [31m[ERROR] [1785190714.571379889] [camera.camera]: cv::Mat is empty. Ignoring this frame.[0m
[realsense2_camera_node-1] [31m[ERROR] [1785190714.571742139] [camera.camera]: Failed to fill rgb message inside RGBD message[0m
[realsense2_camera_node-1] [31m[ERROR] [1785190714.603737976] [camera.camera]: cv::Mat is empty. Ignoring this frame.[0m
[realsense2_camera_node-1] [31m[ERROR] [1785190714.603988518] [camera.camera]: Failed to fill rgb message inside RGBD message[0m
[realsense2_camera_node-1] [31m[ERROR] [1785190714.636887938] [camera.camera]: cv::Mat is empty. Ignoring this frame.[0m
[realsense2_camera_node-1] [31m[ERROR] [1785190714.637117479] [camera.camera]: Failed to fill rgb message inside RGBD message[0m
[realsense2_camera_node-1] [31m[ERROR] [1785190714.670345024] [camera.camera]: cv::Mat is empty. Ignoring this frame.[0m
[realsense2_camera_node-1] [31m[ERROR] [1785190714.670587691] [camera.camera]: Failed to fill rgb message inside RGBD message[0m
[realsense2_camera_node-1] [31m[ERROR] [1785190714.703659194] [camera.camera]: cv::Mat is empty. Ignoring this frame.[0m
[realsense2_camera_node-1] [31m[ERROR] [1785190714.703899236] [camera.camera]: Failed to fill rgb message inside RGBD message[0m
[realsense2_camera_node-1] [31m[ERROR] [1785190714.737992448] [camera.camera]: cv::Mat is empty. Ignoring this frame.[0m
[realsense2_camera_node-1] [31m[ERROR] [1785190714.738379489] [camera.camera]: Failed to fill rgb message inside RGBD message[0m
[realsense2_camera_node-1] [31m[ERROR] [1785190714.770348784] [camera.camera]: cv::Mat is empty. Ignoring this frame.[0m
[realsense2_camera_node-1] [31m[ERROR] [1785190714.770606618] [camera.camera]: Failed to fill rgb message inside RGBD message[0m
[realsense2_camera_node-1] [31m[ERROR] [1785190714.803718663] [camera.camera]: cv::Mat is empty. Ignoring this frame.[0m
[realsense2_camera_node-1] [31m[ERROR] [1785190714.803953163] [camera.camera]: Failed to fill rgb message inside RGBD message[0m
[realsense2_camera_node-1] [31m[ERROR] [1785190714.837086499] [camera.camera]: cv::Mat is empty. Ignoring this frame.[0m
[realsense2_camera_node-1] [31m[ERROR] [1785190714.837334124] [camera.camera]: Failed to fill rgb message inside RGBD message[0m
[realsense2_camera_node-1] [31m[ERROR] [1785190714.870616794] [camera.camera]: cv::Mat is empty. Ignoring this frame.[0m
[realsense2_camera_node-1] [31m[ERROR] [1785190714.870875503] [camera.camera]: Failed to fill rgb message inside RGBD message[0m
[realsense2_camera_node-1] [31m[ERROR] [1785190714.904880631] [camera.camera]: cv::Mat is empty. Ignoring this frame.[0m
[realsense2_camera_node-1] [31m[ERROR] [1785190714.905243173] [camera.camera]: Failed to fill rgb message inside RGBD message[0m
[realsense2_camera_node-1] [31m[ERROR] [1785190714.937045926] [camera.camera]: cv::Mat is empty. Ignoring this frame.[0m
[realsense2_camera_node-1] [31m[ERROR] [1785190714.937274009] [camera.camera]: Failed to fill rgb message inside RGBD message[0m
[realsense2_camera_node-1] [31m[ERROR] [1785190714.970389263] [camera.camera]: cv::Mat is empty. Ignoring this frame.[0m
[realsense2_camera_node-1] [31m[ERROR] [1785190714.970621429] [camera.camera]: Failed to fill rgb message inside RGBD message[0m
[realsense2_camera_node-1] [31m[ERROR] [1785190715.004390308] [camera.camera]: cv::Mat is empty. Ignoring this frame.[0m
[realsense2_camera_node-1] [31m[ERROR] [1785190715.004652808] [camera.camera]: Failed to fill rgb message inside RGBD message[0m
[realsense2_camera_node-1] [31m[ERROR] [1785190715.037346019] [camera.camera]: cv::Mat is empty. Ignoring this frame.[0m
[realsense2_camera_node-1] [31m[ERROR] [1785190715.037573519] [camera.camera]: Failed to fill rgb message inside RGBD message[0m
[realsense2_camera_node-1] [31m[ERROR] [1785190715.071755981] [camera.camera]: cv::Mat is empty. Ignoring this frame.[0m
[realsense2_camera_node-1] [31m[ERROR] [1785190715.072147398] [camera.camera]: Failed to fill rgb message inside RGBD message[0m
[realsense2_camera_node-1] [31m[ERROR] [1785190715.104112026] [camera.camera]: cv::Mat is empty. Ignoring this frame.[0m
[realsense2_camera_node-1] [31m[ERROR] [1785190715.104393484] [camera.camera]: Failed to fill rgb message inside RGBD message[0m
[realsense2_camera_node-1] [31m[ERROR] [1785190715.137261404] [camera.camera]: cv::Mat is empty. Ignoring this frame.[0m
[realsense2_camera_node-1] [31m[ERROR] [1785190715.137494154] [camera.camera]: Failed to fill rgb message inside RGBD message[0m
[realsense2_camera_node-1] [31m[ERROR] [1785190715.170970491] [camera.camera]: cv::Mat is empty. Ignoring this frame.[0m
[realsense2_camera_node-1] [31m[ERROR] [1785190715.171273825] [camera.camera]: Failed to fill rgb message inside RGBD message[0m
[realsense2_camera_node-1] [31m[ERROR] [1785190715.203956536] [camera.camera]: cv::Mat is empty. Ignoring this frame.[0m
[realsense2_camera_node-1] [31m[ERROR] [1785190715.204184620] [camera.camera]: Failed to fill rgb message inside RGBD message[0m
[realsense2_camera_node-1] [31m[ERROR] [1785190715.238499498] [camera.camera]: cv::Mat is empty. Ignoring this frame.[0m
[realsense2_camera_node-1] [31m[ERROR] [1785190715.238883915] [camera.camera]: Failed to fill rgb message inside RGBD message[0m
[realsense2_camera_node-1] [31m[ERROR] [1785190715.270768043] [camera.camera]: cv::Mat is empty. Ignoring this frame.[0m
[realsense2_camera_node-1] [31m[ERROR] [1785190715.270997876] [camera.camera]: Failed to fill rgb message inside RGBD message[0m
[realsense2_camera_node-1] [31m[ERROR] [1785190715.304048963] [camera.camera]: cv::Mat is empty. Ignoring this frame.[0m
[realsense2_camera_node-1] [31m[ERROR] [1785190715.304277046] [camera.camera]: Failed to fill rgb message inside RGBD message[0m
[realsense2_camera_node-1] [31m[ERROR] [1785190715.337732966] [camera.camera]: cv::Mat is empty. Ignoring this frame.[0m
[realsense2_camera_node-1] [31m[ERROR] [1785190715.337987591] [camera.camera]: Failed to fill rgb message inside RGBD message[0m
[realsense2_camera_node-1] [31m[ERROR] [1785190715.370763928] [camera.camera]: cv::Mat is empty. Ignoring this frame.[0m
[realsense2_camera_node-1] [31m[ERROR] [1785190715.370987053] [camera.camera]: Failed to fill rgb message inside RGBD message[0m
[realsense2_camera_node-1] [31m[ERROR] [1785190715.405332556] [camera.camera]: cv::Mat is empty. Ignoring this frame.[0m
[realsense2_camera_node-1] [31m[ERROR] [1785190715.405688973] [camera.camera]: Failed to fill rgb message inside RGBD message[0m
[realsense2_camera_node-1] [31m[ERROR] [1785190715.437571935] [camera.camera]: cv::Mat is empty. Ignoring this frame.[0m
[realsense2_camera_node-1] [31m[ERROR] [1785190715.437796810] [camera.camera]: Failed to fill rgb message inside RGBD message[0m
[realsense2_camera_node-1] [31m[ERROR] [1785190715.470890771] [camera.camera]: cv::Mat is empty. Ignoring this frame.[0m
[realsense2_camera_node-1] [31m[ERROR] [1785190715.471117396] [camera.camera]: Failed to fill rgb message inside RGBD message[0m
[realsense2_camera_node-1] [31m[ERROR] [1785190715.504464525] [camera.camera]: cv::Mat is empty. Ignoring this frame.[0m
[realsense2_camera_node-1] [31m[ERROR] [1785190715.504722650] [camera.camera]: Failed to fill rgb message inside RGBD message[0m
[realsense2_camera_node-1] [31m[ERROR] [1785190715.537483236] [camera.camera]: cv::Mat is empty. Ignoring this frame.[0m
[realsense2_camera_node-1] [31m[ERROR] [1785190715.537717153] [camera.camera]: Failed to fill rgb message inside RGBD message[0m
[realsense2_camera_node-1] [31m[ERROR] [1785190715.571951531] [camera.camera]: cv::Mat is empty. Ignoring this frame.[0m
[realsense2_camera_node-1] [31m[ERROR] [1785190715.572344990] [camera.camera]: Failed to fill rgb message inside RGBD message[0m
[realsense2_camera_node-1] [31m[ERROR] [1785190715.598595284] [camera.camera]: cv::Mat is empty. Ignoring this frame.[0m
[realsense2_camera_node-1] [31m[ERROR] [1785190715.598716326] [camera.camera]: Failed to fill rgb message inside RGBD message[0m
[realsense2_camera_node-1] [31m[ERROR] [1785190715.631813204] [camera.camera]: cv::Mat is empty. Ignoring this frame.[0m
[realsense2_camera_node-1] [31m[ERROR] [1785190715.631907121] [camera.camera]: Failed to fill rgb message inside RGBD message[0m
[realsense2_camera_node-1] [31m[ERROR] [1785190715.665532791] [camera.camera]: cv::Mat is empty. Ignoring this frame.[0m
[realsense2_camera_node-1] [31m[ERROR] [1785190715.665636041] [camera.camera]: Failed to fill rgb message inside RGBD message[0m
[realsense2_camera_node-1] [31m[ERROR] [1785190715.698396627] [camera.camera]: cv::Mat is empty. Ignoring this frame.[0m
[realsense2_camera_node-1] [31m[ERROR] [1785190715.698492003] [camera.camera]: Failed to fill rgb message inside RGBD message[0m
[realsense2_camera_node-1] [31m[ERROR] [1785190715.732352756] [camera.camera]: cv::Mat is empty. Ignoring this frame.[0m
[realsense2_camera_node-1] [31m[ERROR] [1785190715.732522506] [camera.camera]: Failed to fill rgb message inside RGBD message[0m
[realsense2_camera_node-1] [31m[ERROR] [1785190715.765063468] [camera.camera]: cv::Mat is empty. Ignoring this frame.[0m
[realsense2_camera_node-1] [31m[ERROR] [1785190715.765163218] [camera.camera]: Failed to fill rgb message inside RGBD message[0m
[realsense2_camera_node-1] [31m[ERROR] [1785190715.798403013] [camera.camera]: cv::Mat is empty. Ignoring this frame.[0m
[realsense2_camera_node-1] [31m[ERROR] [1785190715.798498388] [camera.camera]: Failed to fill rgb message inside RGBD message[0m
[realsense2_camera_node-1] [31m[ERROR] [1785190715.832433516] [camera.camera]: cv::Mat is empty. Ignoring this frame.[0m
[realsense2_camera_node-1] [31m[ERROR] [1785190715.832536766] [camera.camera]: Failed to fill rgb message inside RGBD message[0m
[realsense2_camera_node-1] [31m[ERROR] [1785190715.865104269] [camera.camera]: cv::Mat is empty. Ignoring this frame.[0m
[realsense2_camera_node-1] [31m[ERROR] [1785190715.865211603] [camera.camera]: Failed to fill rgb message inside RGBD message[0m
[realsense2_camera_node-1] [31m[ERROR] [1785190715.899223439] [camera.camera]: cv::Mat is empty. Ignoring this frame.[0m
[realsense2_camera_node-1] [31m[ERROR] [1785190715.899397856] [camera.camera]: Failed to fill rgb message inside RGBD message[0m
[realsense2_camera_node-1] [31m[ERROR] [1785190715.931920734] [camera.camera]: cv::Mat is empty. Ignoring this frame.[0m
[realsense2_camera_node-1] [31m[ERROR] [1785190715.932133943] [camera.camera]: Failed to fill rgb message inside RGBD message[0m
[realsense2_camera_node-1] [31m[ERROR] [1785190715.965189404] [camera.camera]: cv::Mat is empty. Ignoring this frame.[0m
[realsense2_camera_node-1] [31m[ERROR] [1785190715.965288571] [camera.camera]: Failed to fill rgb message inside RGBD message[0m
[realsense2_camera_node-1] [31m[ERROR] [1785190715.999003783] [camera.camera]: cv::Mat is empty. Ignoring this frame.[0m
[realsense2_camera_node-1] [31m[ERROR] [1785190715.999131533] [camera.camera]: Failed to fill rgb message inside RGBD message[0m
[realsense2_camera_node-1] [31m[ERROR] [1785190716.031923619] [camera.camera]: cv::Mat is empty. Ignoring this frame.[0m
[realsense2_camera_node-1] [31m[ERROR] [1785190716.032040578] [camera.camera]: Failed to fill rgb message inside RGBD message[0m
[realsense2_camera_node-1] [31m[ERROR] [1785190716.066002248] [camera.camera]: cv::Mat is empty. Ignoring this frame.[0m
[realsense2_camera_node-1] [31m[ERROR] [1785190716.066176956] [camera.camera]: Failed to fill rgb message inside RGBD message[0m
[realsense2_camera_node-1] [31m[ERROR] [1785190716.098618751] [camera.camera]: cv::Mat is empty. Ignoring this frame.[0m
[realsense2_camera_node-1] [31m[ERROR] [1785190716.098724043] [camera.camera]: Failed to fill rgb message inside RGBD message[0m
[realsense2_camera_node-1] [31m[ERROR] [1785190716.131962088] [camera.camera]: cv::Mat is empty. Ignoring this frame.[0m
[realsense2_camera_node-1] [31m[ERROR] [1785190716.132088088] [camera.camera]: Failed to fill rgb message inside RGBD message[0m
[realsense2_camera_node-1] [31m[ERROR] [1785190716.165714341] [camera.camera]: cv::Mat is empty. Ignoring this frame.[0m
[realsense2_camera_node-1] [31m[ERROR] [1785190716.165842674] [camera.camera]: Failed to fill rgb message inside RGBD message[0m
[realsense2_camera_node-1] [31m[ERROR] [1785190716.198679094] [camera.camera]: cv::Mat is empty. Ignoring this frame.[0m
[realsense2_camera_node-1] [31m[ERROR] [1785190716.198769803] [camera.camera]: Failed to fill rgb message inside RGBD message[0m
[realsense2_camera_node-1] [31m[ERROR] [1785190716.232748390] [camera.camera]: cv::Mat is empty. Ignoring this frame.[0m
[realsense2_camera_node-1] [31m[ERROR] [1785190716.232907348] [camera.camera]: Failed to fill rgb message inside RGBD message[0m
[realsense2_camera_node-1] [31m[ERROR] [1785190716.265395809] [camera.camera]: cv::Mat is empty. Ignoring this frame.[0m
[realsense2_camera_node-1] [31m[ERROR] [1785190716.265498768] [camera.camera]: Failed to fill rgb message inside RGBD message[0m
[realsense2_camera_node-1] [31m[ERROR] [1785190716.298896063] [camera.camera]: cv::Mat is empty. Ignoring this frame.[0m
[realsense2_camera_node-1] [31m[ERROR] [1785190716.299004855] [camera.camera]: Failed to fill rgb message inside RGBD message[0m
[realsense2_camera_node-1] [31m[ERROR] [1785190716.332287525] [camera.camera]: cv::Mat is empty. Ignoring this frame.[0m
[realsense2_camera_node-1] [31m[ERROR] [1785190716.332387275] [camera.camera]: Failed to fill rgb message inside RGBD message[0m
[realsense2_camera_node-1] [31m[ERROR] [1785190716.365481820] [camera.camera]: cv::Mat is empty. Ignoring this frame.[0m
[realsense2_camera_node-1] [31m[ERROR] [1785190716.365580111] [camera.camera]: Failed to fill rgb message inside RGBD message[0m
[realsense2_camera_node-1] [31m[ERROR] [1785190716.399421906] [camera.camera]: cv::Mat is empty. Ignoring this frame.[0m
[realsense2_camera_node-1] [31m[ERROR] [1785190716.399659906] [camera.camera]: Failed to fill rgb message inside RGBD message[0m
[realsense2_camera_node-1] [31m[ERROR] [1785190716.432149535] [camera.camera]: cv::Mat is empty. Ignoring this frame.[0m
[realsense2_camera_node-1] [31m[ERROR] [1785190716.432241701] [camera.camera]: Failed to fill rgb message inside RGBD message[0m
[realsense2_camera_node-1] [31m[ERROR] [1785190716.465573955] [camera.camera]: cv::Mat is empty. Ignoring this frame.[0m
[realsense2_camera_node-1] [31m[ERROR] [1785190716.465667288] [camera.camera]: Failed to fill rgb message inside RGBD message[0m
[realsense2_camera_node-1] [31m[ERROR] [1785190716.505662375] [camera.camera]: cv::Mat is empty. Ignoring this frame.[0m
[realsense2_camera_node-1] [31m[ERROR] [1785190716.505866250] [camera.camera]: Failed to fill rgb message inside RGBD message[0m
[realsense2_camera_node-1] [31m[ERROR] [1785190716.538613712] [camera.camera]: cv::Mat is empty. Ignoring this frame.[0m
[realsense2_camera_node-1] [31m[ERROR] [1785190716.538880879] [camera.camera]: Failed to fill rgb message inside RGBD message[0m
[realsense2_camera_node-1] [31m[ERROR] [1785190716.574601007] [camera.camera]: cv::Mat is empty. Ignoring this frame.[0m
[realsense2_camera_node-1] [31m[ERROR] [1785190716.574987757] [camera.camera]: Failed to fill rgb message inside RGBD message[0m
[realsense2_camera_node-1] [31m[ERROR] [1785190716.605517385] [camera.camera]: cv::Mat is empty. Ignoring this frame.[0m
[realsense2_camera_node-1] [31m[ERROR] [1785190716.605795052] [camera.camera]: Failed to fill rgb message inside RGBD message[0m
[realsense2_camera_node-1] [31m[ERROR] [1785190716.638672014] [camera.camera]: cv::Mat is empty. Ignoring this frame.[0m
[realsense2_camera_node-1] [31m[ERROR] [1785190716.638924597] [camera.camera]: Failed to fill rgb message inside RGBD message[0m
[realsense2_camera_node-1] [31m[ERROR] [1785190716.672025267] [camera.camera]: cv::Mat is empty. Ignoring this frame.[0m
[realsense2_camera_node-1] [31m[ERROR] [1785190716.672345809] [camera.camera]: Failed to fill rgb message inside RGBD message[0m
[realsense2_camera_node-1] [31m[ERROR] [1785190716.705518812] [camera.camera]: cv::Mat is empty. Ignoring this frame.[0m
[realsense2_camera_node-1] [31m[ERROR] [1785190716.705764979] [camera.camera]: Failed to fill rgb message inside RGBD message[0m
[realsense2_camera_node-1] [31m[ERROR] [1785190716.740626441] [camera.camera]: cv::Mat is empty. Ignoring this frame.[0m
[realsense2_camera_node-1] [31m[ERROR] [1785190716.740985774] [camera.camera]: Failed to fill rgb message inside RGBD message[0m
[realsense2_camera_node-1] [31m[ERROR] [1785190716.772446985] [camera.camera]: cv::Mat is empty. Ignoring this frame.[0m
[realsense2_camera_node-1] [31m[ERROR] [1785190716.772665444] [camera.camera]: Failed to fill rgb message inside RGBD message[0m
[realsense2_camera_node-1] [31m[ERROR] [1785190716.805564864] [camera.camera]: cv::Mat is empty. Ignoring this frame.[0m
[realsense2_camera_node-1] [31m[ERROR] [1785190716.805805197] [camera.camera]: Failed to fill rgb message inside RGBD message[0m
[realsense2_camera_node-1] [31m[ERROR] [1785190716.838772575] [camera.camera]: cv::Mat is empty. Ignoring this frame.[0m
[realsense2_camera_node-1] [31m[ERROR] [1785190716.839043242] [camera.camera]: Failed to fill rgb message inside RGBD message[0m
[realsense2_camera_node-1] [31m[ERROR] [1785190716.872353329] [camera.camera]: cv::Mat is empty. Ignoring this frame.[0m
[realsense2_camera_node-1] [31m[ERROR] [1785190716.872575287] [camera.camera]: Failed to fill rgb message inside RGBD message[0m
[realsense2_camera_node-1] [31m[ERROR] [1785190716.907194374] [camera.camera]: cv::Mat is empty. Ignoring this frame.[0m
[realsense2_camera_node-1] [31m[ERROR] [1785190716.907579666] [camera.camera]: Failed to fill rgb message inside RGBD message[0m
[realsense2_camera_node-1] [31m[ERROR] [1785190716.938752710] [camera.camera]: cv::Mat is empty. Ignoring this frame.[0m
[realsense2_camera_node-1] [31m[ERROR] [1785190716.939134502] [camera.camera]: Failed to fill rgb message inside RGBD message[0m
[realsense2_camera_node-1] [31m[ERROR] [1785190716.972273672] [camera.camera]: cv::Mat is empty. Ignoring this frame.[0m
[realsense2_camera_node-1] [31m[ERROR] [1785190716.972533839] [camera.camera]: Failed to fill rgb message inside RGBD message[0m
[realsense2_camera_node-1] [31m[ERROR] [1785190717.005875426] [camera.camera]: cv::Mat is empty. Ignoring this frame.[0m
[realsense2_camera_node-1] [31m[ERROR] [1785190717.006118676] [camera.camera]: Failed to fill rgb message inside RGBD message[0m
[realsense2_camera_node-1] [31m[ERROR] [1785190717.038976679] [camera.camera]: cv::Mat is empty. Ignoring this frame.[0m
[realsense2_camera_node-1] [31m[ERROR] [1785190717.039245012] [camera.camera]: Failed to fill rgb message inside RGBD message[0m
[realsense2_camera_node-1] [31m[ERROR] [1785190717.073711849] [camera.camera]: cv::Mat is empty. Ignoring this frame.[0m
[realsense2_camera_node-1] [31m[ERROR] [1785190717.074079057] [camera.camera]: Failed to fill rgb message inside RGBD message[0m
[realsense2_camera_node-1] [31m[ERROR] [1785190717.105889686] [camera.camera]: cv::Mat is empty. Ignoring this frame.[0m
[realsense2_camera_node-1] [31m[ERROR] [1785190717.106116602] [camera.camera]: Failed to fill rgb message inside RGBD message[0m
[realsense2_camera_node-1] [31m[ERROR] [1785190717.139052772] [camera.camera]: cv::Mat is empty. Ignoring this frame.[0m
[realsense2_camera_node-1] [31m[ERROR] [1785190717.139324897] [camera.camera]: Failed to fill rgb message inside RGBD message[0m
[realsense2_camera_node-1] [31m[ERROR] [1785190717.172544859] [camera.camera]: cv::Mat is empty. Ignoring this frame.[0m
[realsense2_camera_node-1] [31m[ERROR] [1785190717.172777609] [camera.camera]: Failed to fill rgb message inside RGBD message[0m
[realsense2_camera_node-1] [31m[ERROR] [1785190717.205688987] [camera.camera]: cv::Mat is empty. Ignoring this frame.[0m
[realsense2_camera_node-1] [31m[ERROR] [1785190717.205959071] [camera.camera]: Failed to fill rgb message inside RGBD message[0m
[realsense2_camera_node-1] [31m[ERROR] [1785190717.240489491] [camera.camera]: cv::Mat is empty. Ignoring this frame.[0m
[realsense2_camera_node-1] [31m[ERROR] [1785190717.240859324] [camera.camera]: Failed to fill rgb message inside RGBD message[0m
[realsense2_camera_node-1] [31m[ERROR] [1785190717.272841744] [camera.camera]: cv::Mat is empty. Ignoring this frame.[0m
[realsense2_camera_node-1] [31m[ERROR] [1785190717.273062536] [camera.camera]: Failed to fill rgb message inside RGBD message[0m
[realsense2_camera_node-1] [31m[ERROR] [1785190717.306081539] [camera.camera]: cv::Mat is empty. Ignoring this frame.[0m
[realsense2_camera_node-1] [31m[ERROR] [1785190717.306308456] [camera.camera]: Failed to fill rgb message inside RGBD message[0m
[realsense2_camera_node-1] [31m[ERROR] [1785190717.339203209] [camera.camera]: cv::Mat is empty. Ignoring this frame.[0m
[realsense2_camera_node-1] [31m[ERROR] [1785190717.339470667] [camera.camera]: Failed to fill rgb message inside RGBD message[0m
[realsense2_camera_node-1] [31m[ERROR] [1785190717.372723879] [camera.camera]: cv::Mat is empty. Ignoring this frame.[0m
[realsense2_camera_node-1] [31m[ERROR] [1785190717.372947587] [camera.camera]: Failed to fill rgb message inside RGBD message[0m
[realsense2_camera_node-1] [31m[ERROR] [1785190717.407243216] [camera.camera]: cv::Mat is empty. Ignoring this frame.[0m
[realsense2_camera_node-1] [31m[ERROR] [1785190717.407624424] [camera.camera]: Failed to fill rgb message inside RGBD message[0m
[realsense2_camera_node-1] [31m[ERROR] [1785190717.439267052] [camera.camera]: cv::Mat is empty. Ignoring this frame.[0m
[realsense2_camera_node-1] [31m[ERROR] [1785190717.439524594] [camera.camera]: Failed to fill rgb message inside RGBD message[0m
[realsense2_camera_node-1] [31m[ERROR] [1785190717.472635472] [camera.camera]: cv::Mat is empty. Ignoring this frame.[0m
[realsense2_camera_node-1] [31m[ERROR] [1785190717.473013181] [camera.camera]: Failed to fill rgb message inside RGBD message[0m
[realsense2_camera_node-1] [31m[ERROR] [1785190717.505923684] [camera.camera]: cv::Mat is empty. Ignoring this frame.[0m
[realsense2_camera_node-1] [31m[ERROR] [1785190717.506185309] [camera.camera]: Failed to fill rgb message inside RGBD message[0m
[realsense2_camera_node-1] [31m[ERROR] [1785190717.539335854] [camera.camera]: cv::Mat is empty. Ignoring this frame.[0m
[realsense2_camera_node-1] [31m[ERROR] [1785190717.539596021] [camera.camera]: Failed to fill rgb message inside RGBD message[0m
[realsense2_camera_node-1] [31m[ERROR] [1785190717.574005983] [camera.camera]: cv::Mat is empty. Ignoring this frame.[0m
[realsense2_camera_node-1] [31m[ERROR] [1785190717.574376108] [camera.camera]: Failed to fill rgb message inside RGBD message[0m
[realsense2_camera_node-1] [31m[ERROR] [1785190717.606222903] [camera.camera]: cv::Mat is empty. Ignoring this frame.[0m
[realsense2_camera_node-1] [31m[ERROR] [1785190717.606442236] [camera.camera]: Failed to fill rgb message inside RGBD message[0m
[realsense2_camera_node-1] [31m[ERROR] [1785190717.639736573] [camera.camera]: cv::Mat is empty. Ignoring this frame.[0m
[realsense2_camera_node-1] [31m[ERROR] [1785190717.640028531] [camera.camera]: Failed to fill rgb message inside RGBD message[0m
[realsense2_camera_node-1] [31m[ERROR] [1785190717.673049576] [camera.camera]: cv::Mat is empty. Ignoring this frame.[0m
[realsense2_camera_node-1] [31m[ERROR] [1785190717.673259868] [camera.camera]: Failed to fill rgb message inside RGBD message[0m
[realsense2_camera_node-1] [31m[ERROR] [1785190717.706252038] [camera.camera]: cv::Mat is empty. Ignoring this frame.[0m
[realsense2_camera_node-1] [31m[ERROR] [1785190717.706462913] [camera.camera]: Failed to fill rgb message inside RGBD message[0m
[realsense2_camera_node-1] [31m[ERROR] [1785190717.740814833] [camera.camera]: cv::Mat is empty. Ignoring this frame.[0m
[realsense2_camera_node-1] [31m[ERROR] [1785190717.741163083] [camera.camera]: Failed to fill rgb message inside RGBD message[0m
[realsense2_camera_node-1] [31m[ERROR] [1785190717.773010461] [camera.camera]: cv::Mat is empty. Ignoring this frame.[0m
[realsense2_camera_node-1] [31m[ERROR] [1785190717.773227461] [camera.camera]: Failed to fill rgb message inside RGBD message[0m
[realsense2_camera_node-1] [31m[ERROR] [1785190717.806152548] [camera.camera]: cv::Mat is empty. Ignoring this frame.[0m
[realsense2_camera_node-1] [31m[ERROR] [1785190717.806414464] [camera.camera]: Failed to fill rgb message inside RGBD message[0m
[realsense2_camera_node-1] [31m[ERROR] [1785190717.839695093] [camera.camera]: cv::Mat is empty. Ignoring this frame.[0m
[realsense2_camera_node-1] [31m[ERROR] [1785190717.839919676] [camera.camera]: Failed to fill rgb message inside RGBD message[0m
[realsense2_camera_node-1] [31m[ERROR] [1785190717.872922638] [camera.camera]: cv::Mat is empty. Ignoring this frame.[0m
[realsense2_camera_node-1] [31m[ERROR] [1785190717.873172596] [camera.camera]: Failed to fill rgb message inside RGBD message[0m
[realsense2_camera_node-1] [31m[ERROR] [1785190717.907743849] [camera.camera]: cv::Mat is empty. Ignoring this frame.[0m
[realsense2_camera_node-1] [31m[ERROR] [1785190717.908133225] [camera.camera]: Failed to fill rgb message inside RGBD message[0m
[realsense2_camera_node-1] [31m[ERROR] [1785190717.939629144] [camera.camera]: cv::Mat is empty. Ignoring this frame.[0m
[realsense2_camera_node-1] [31m[ERROR] [1785190717.939893978] [camera.camera]: Failed to fill rgb message inside RGBD message[0m
[realsense2_camera_node-1] [31m[ERROR] [1785190717.972980939] [camera.camera]: cv::Mat is empty. Ignoring this frame.[0m
[realsense2_camera_node-1] [31m[ERROR] [1785190717.973297689] [camera.camera]: Failed to fill rgb message inside RGBD message[0m
[realsense2_camera_node-1] [31m[ERROR] [1785190718.006620609] [camera.camera]: cv::Mat is empty. Ignoring this frame.[0m
[realsense2_camera_node-1] [31m[ERROR] [1785190718.006866193] [camera.camera]: Failed to fill rgb message inside RGBD message[0m
[realsense2_camera_node-1] [31m[ERROR] [1785190718.040352738] [camera.camera]: cv::Mat is empty. Ignoring this frame.[0m
[realsense2_camera_node-1] [31m[ERROR] [1785190718.040573238] [camera.camera]: Failed to fill rgb message inside RGBD message[0m
[realsense2_camera_node-1] [31m[ERROR] [1785190718.075504991] [camera.camera]: cv::Mat is empty. Ignoring this frame.[0m
[realsense2_camera_node-1] [31m[ERROR] [1785190718.075878616] [camera.camera]: Failed to fill rgb message inside RGBD message[0m
[realsense2_camera_node-1] [31m[ERROR] [1785190718.106867036] [camera.camera]: cv::Mat is empty. Ignoring this frame.[0m
[realsense2_camera_node-1] [31m[ERROR] [1785190718.107084036] [camera.camera]: Failed to fill rgb message inside RGBD message[0m
[realsense2_camera_node-1] [31m[ERROR] [1785190718.139981998] [camera.camera]: cv::Mat is empty. Ignoring this frame.[0m
[realsense2_camera_node-1] [31m[ERROR] [1785190718.140219998] [camera.camera]: Failed to fill rgb message inside RGBD message[0m
[realsense2_camera_node-1] [31m[ERROR] [1785190718.173289168] [camera.camera]: cv::Mat is empty. Ignoring this frame.[0m
[realsense2_camera_node-1] [31m[ERROR] [1785190718.173614085] [camera.camera]: Failed to fill rgb message inside RGBD message[0m
[realsense2_camera_node-1] [31m[ERROR] [1785190718.206755880] [camera.camera]: cv::Mat is empty. Ignoring this frame.[0m
[realsense2_camera_node-1] [31m[ERROR] [1785190718.206982505] [camera.camera]: Failed to fill rgb message inside RGBD message[0m
[realsense2_camera_node-1] [31m[ERROR] [1785190718.241889175] [camera.camera]: cv::Mat is empty. Ignoring this frame.[0m
[realsense2_camera_node-1] [31m[ERROR] [1785190718.242356133] [camera.camera]: Failed to fill rgb message inside RGBD message[0m
[realsense2_camera_node-1] [31m[ERROR] [1785190718.273454220] [camera.camera]: cv::Mat is empty. Ignoring this frame.[0m
[realsense2_camera_node-1] [31m[ERROR] [1785190718.273695720] [camera.camera]: Failed to fill rgb message inside RGBD message[0m
[realsense2_camera_node-1] [31m[ERROR] [1785190718.306993265] [camera.camera]: cv::Mat is empty. Ignoring this frame.[0m
[realsense2_camera_node-1] [31m[ERROR] [1785190718.307213181] [camera.camera]: Failed to fill rgb message inside RGBD message[0m
[realsense2_camera_node-1] [31m[ERROR] [1785190718.340270685] [camera.camera]: cv::Mat is empty. Ignoring this frame.[0m
[realsense2_camera_node-1] [31m[ERROR] [1785190718.340489726] [camera.camera]: Failed to fill rgb message inside RGBD message[0m
[realsense2_camera_node-1] [31m[ERROR] [1785190718.373551021] [camera.camera]: cv::Mat is empty. Ignoring this frame.[0m
[realsense2_camera_node-1] [31m[ERROR] [1785190718.373782605] [camera.camera]: Failed to fill rgb message inside RGBD message[0m
[realsense2_camera_node-1] [31m[ERROR] [1785190718.408424150] [camera.camera]: cv::Mat is empty. Ignoring this frame.[0m
[realsense2_camera_node-1] [31m[ERROR] [1785190718.408845900] [camera.camera]: Failed to fill rgb message inside RGBD message[0m
[realsense2_camera_node-1] [31m[ERROR] [1785190718.440338903] [camera.camera]: cv::Mat is empty. Ignoring this frame.[0m
[realsense2_camera_node-1] [31m[ERROR] [1785190718.440549778] [camera.camera]: Failed to fill rgb message inside RGBD message[0m
[realsense2_camera_node-1] [31m[ERROR] [1785190718.473652490] [camera.camera]: cv::Mat is empty. Ignoring this frame.[0m
[realsense2_camera_node-1] [31m[ERROR] [1785190718.473877365] [camera.camera]: Failed to fill rgb message inside RGBD message[0m
[realsense2_camera_node-1] [31m[ERROR] [1785190718.506891118] [camera.camera]: cv::Mat is empty. Ignoring this frame.[0m
[realsense2_camera_node-1] [31m[ERROR] [1785190718.507138743] [camera.camera]: Failed to fill rgb message inside RGBD message[0m
[realsense2_camera_node-1] [31m[ERROR] [1785190718.540481205] [camera.camera]: cv::Mat is empty. Ignoring this frame.[0m
[realsense2_camera_node-1] [31m[ERROR] [1785190718.540701996] [camera.camera]: Failed to fill rgb message inside RGBD message[0m
[realsense2_camera_node-1] [31m[ERROR] [1785190718.575390792] [camera.camera]: cv::Mat is empty. Ignoring this frame.[0m
[realsense2_camera_node-1] [31m[ERROR] [1785190718.575748375] [camera.camera]: Failed to fill rgb message inside RGBD message[0m
[realsense2_camera_node-1] [31m[ERROR] [1785190718.607089420] [camera.camera]: cv::Mat is empty. Ignoring this frame.[0m
[realsense2_camera_node-1] [31m[ERROR] [1785190718.607318086] [camera.camera]: Failed to fill rgb message inside RGBD message[0m
[realsense2_camera_node-1] [31m[ERROR] [1785190718.640461923] [camera.camera]: cv::Mat is empty. Ignoring this frame.[0m
[realsense2_camera_node-1] [31m[ERROR] [1785190718.640684465] [camera.camera]: Failed to fill rgb message inside RGBD message[0m
[realsense2_camera_node-1] [31m[ERROR] [1785190718.673900926] [camera.camera]: cv::Mat is empty. Ignoring this frame.[0m
[realsense2_camera_node-1] [31m[ERROR] [1785190718.674124635] [camera.camera]: Failed to fill rgb message inside RGBD message[0m
[realsense2_camera_node-1] [31m[ERROR] [1785190718.707215096] [camera.camera]: cv::Mat is empty. Ignoring this frame.[0m
[realsense2_camera_node-1] [31m[ERROR] [1785190718.707437347] [camera.camera]: Failed to fill rgb message inside RGBD message[0m
[realsense2_camera_node-1] [31m[ERROR] [1785190718.742010350] [camera.camera]: cv::Mat is empty. Ignoring this frame.[0m
[realsense2_camera_node-1] [31m[ERROR] [1785190718.742399725] [camera.camera]: Failed to fill rgb message inside RGBD message[0m
[realsense2_camera_node-1] [31m[ERROR] [1785190718.774268395] [camera.camera]: cv::Mat is empty. Ignoring this frame.[0m
[realsense2_camera_node-1] [31m[ERROR] [1785190718.774486270] [camera.camera]: Failed to fill rgb message inside RGBD message[0m
[realsense2_camera_node-1] [31m[ERROR] [1785190718.807326482] [camera.camera]: cv::Mat is empty. Ignoring this frame.[0m
[realsense2_camera_node-1] [31m[ERROR] [1785190718.807543190] [camera.camera]: Failed to fill rgb message inside RGBD message[0m
[realsense2_camera_node-1] [31m[ERROR] [1785190718.840498318] [camera.camera]: cv::Mat is empty. Ignoring this frame.[0m
[realsense2_camera_node-1] [31m[ERROR] [1785190718.840786485] [camera.camera]: Failed to fill rgb message inside RGBD message[0m
[realsense2_camera_node-1] [31m[ERROR] [1785190718.873810447] [camera.camera]: cv::Mat is empty. Ignoring this frame.[0m
[realsense2_camera_node-1] [31m[ERROR] [1785190718.874031238] [camera.camera]: Failed to fill rgb message inside RGBD message[0m
[realsense2_camera_node-1] [31m[ERROR] [1785190718.908508867] [camera.camera]: cv::Mat is empty. Ignoring this frame.[0m
[realsense2_camera_node-1] [31m[ERROR] [1785190718.908925075] [camera.camera]: Failed to fill rgb message inside RGBD message[0m
[realsense2_camera_node-1] [31m[ERROR] [1785190718.940605620] [camera.camera]: cv::Mat is empty. Ignoring this frame.[0m
[realsense2_camera_node-1] [31m[ERROR] [1785190718.940826412] [camera.camera]: Failed to fill rgb message inside RGBD message[0m
[realsense2_camera_node-1] [31m[ERROR] [1785190718.973739540] [camera.camera]: cv::Mat is empty. Ignoring this frame.[0m
[realsense2_camera_node-1] [31m[ERROR] [1785190718.974006415] [camera.camera]: Failed to fill rgb message inside RGBD message[0m
[realsense2_camera_node-1] [31m[ERROR] [1785190719.007184085] [camera.camera]: cv::Mat is empty. Ignoring this frame.[0m
[realsense2_camera_node-1] [31m[ERROR] [1785190719.007438418] [camera.camera]: Failed to fill rgb message inside RGBD message[0m
[realsense2_camera_node-1] [31m[ERROR] [1785190719.040752297] [camera.camera]: cv::Mat is empty. Ignoring this frame.[0m
[realsense2_camera_node-1] [31m[ERROR] [1785190719.040975713] [camera.camera]: Failed to fill rgb message inside RGBD message[0m
[realsense2_camera_node-1] [31m[ERROR] [1785190719.075232258] [camera.camera]: cv::Mat is empty. Ignoring this frame.[0m
[realsense2_camera_node-1] [31m[ERROR] [1785190719.075652258] [camera.camera]: Failed to fill rgb message inside RGBD message[0m
[realsense2_camera_node-1] [31m[ERROR] [1785190719.107208553] [camera.camera]: cv::Mat is empty. Ignoring this frame.[0m
[realsense2_camera_node-1] [31m[ERROR] [1785190719.107466970] [camera.camera]: Failed to fill rgb message inside RGBD message[0m
[realsense2_camera_node-1] [31m[ERROR] [1785190719.140933098] [camera.camera]: cv::Mat is empty. Ignoring this frame.[0m
[realsense2_camera_node-1] [31m[ERROR] [1785190719.141152432] [camera.camera]: Failed to fill rgb message inside RGBD message[0m
[realsense2_camera_node-1] [31m[ERROR] [1785190719.174004602] [camera.camera]: cv::Mat is empty. Ignoring this frame.[0m
[realsense2_camera_node-1] [31m[ERROR] [1785190719.174228018] [camera.camera]: Failed to fill rgb message inside RGBD message[0m
[realsense2_camera_node-1] [31m[ERROR] [1785190719.207448563] [camera.camera]: cv::Mat is empty. Ignoring this frame.[0m
[realsense2_camera_node-1] [31m[ERROR] [1785190719.207667313] [camera.camera]: Failed to fill rgb message inside RGBD message[0m
[realsense2_camera_node-1] [31m[ERROR] [1785190719.243087900] [camera.camera]: cv::Mat is empty. Ignoring this frame.[0m
[realsense2_camera_node-1] [31m[ERROR] [1785190719.243516067] [camera.camera]: Failed to fill rgb message inside RGBD message[0m
[realsense2_camera_node-1] [31m[ERROR] [1785190719.274285153] [camera.camera]: cv::Mat is empty. Ignoring this frame.[0m
[realsense2_camera_node-1] [31m[ERROR] [1785190719.274505945] [camera.camera]: Failed to fill rgb message inside RGBD message[0m
[realsense2_camera_node-1] [31m[ERROR] [1785190719.307423740] [camera.camera]: cv::Mat is empty. Ignoring this frame.[0m
[realsense2_camera_node-1] [31m[ERROR] [1785190719.307661448] [camera.camera]: Failed to fill rgb message inside RGBD message[0m
[realsense2_camera_node-1] [31m[ERROR] [1785190719.340901827] [camera.camera]: cv::Mat is empty. Ignoring this frame.[0m
[realsense2_camera_node-1] [31m[ERROR] [1785190719.341122619] [camera.camera]: Failed to fill rgb message inside RGBD message[0m
[realsense2_camera_node-1] [31m[ERROR] [1785190719.374116830] [camera.camera]: cv::Mat is empty. Ignoring this frame.[0m
[realsense2_camera_node-1] [31m[ERROR] [1785190719.374348122] [camera.camera]: Failed to fill rgb message inside RGBD message[0m
[realsense2_camera_node-1] [31m[ERROR] [1785190719.410570792] [camera.camera]: cv::Mat is empty. Ignoring this frame.[0m
[realsense2_camera_node-1] [31m[ERROR] [1785190719.410956084] [camera.camera]: Failed to fill rgb message inside RGBD message[0m
[realsense2_camera_node-1] [31m[ERROR] [1785190719.441095170] [camera.camera]: cv::Mat is empty. Ignoring this frame.[0m
[realsense2_camera_node-1] [31m[ERROR] [1785190719.441318879] [camera.camera]: Failed to fill rgb message inside RGBD message[0m
[realsense2_camera_node-1] [31m[ERROR] [1785190719.474406132] [camera.camera]: cv::Mat is empty. Ignoring this frame.[0m
[realsense2_camera_node-1] [31m[ERROR] [1785190719.474626924] [camera.camera]: Failed to fill rgb message inside RGBD message[0m
[realsense2_camera_node-1] [31m[ERROR] [1785190719.507719427] [camera.camera]: cv::Mat is empty. Ignoring this frame.[0m
[realsense2_camera_node-1] [31m[ERROR] [1785190719.507941969] [camera.camera]: Failed to fill rgb message inside RGBD message[0m
[realsense2_camera_node-1] [31m[ERROR] [1785190719.541779097] [camera.camera]: cv::Mat is empty. Ignoring this frame.[0m
[realsense2_camera_node-1] [31m[ERROR] [1785190719.542011847] [camera.camera]: Failed to fill rgb message inside RGBD message[0m
[realsense2_camera_node-1] [31m[ERROR] [1785190719.576142684] [camera.camera]: cv::Mat is empty. Ignoring this frame.[0m
[realsense2_camera_node-1] [31m[ERROR] [1785190719.576514559] [camera.camera]: Failed to fill rgb message inside RGBD message[0m
[realsense2_camera_node-1] [31m[ERROR] [1785190719.607992979] [camera.camera]: cv::Mat is empty. Ignoring this frame.[0m
[realsense2_camera_node-1] [31m[ERROR] [1785190719.608216104] [camera.camera]: Failed to fill rgb message inside RGBD message[0m
[realsense2_camera_node-1] [31m[ERROR] [1785190719.641364899] [camera.camera]: cv::Mat is empty. Ignoring this frame.[0m
[realsense2_camera_node-1] [31m[ERROR] [1785190719.641575482] [camera.camera]: Failed to fill rgb message inside RGBD message[0m
[realsense2_camera_node-1] [31m[ERROR] [1785190719.674572610] [camera.camera]: cv::Mat is empty. Ignoring this frame.[0m
[realsense2_camera_node-1] [31m[ERROR] [1785190719.674787569] [camera.camera]: Failed to fill rgb message inside RGBD message[0m
[realsense2_camera_node-1] [31m[ERROR] [1785190719.707834280] [camera.camera]: cv::Mat is empty. Ignoring this frame.[0m
[realsense2_camera_node-1] [31m[ERROR] [1785190719.708049822] [camera.camera]: Failed to fill rgb message inside RGBD message[0m
[realsense2_camera_node-1] [31m[ERROR] [1785190719.742661326] [camera.camera]: cv::Mat is empty. Ignoring this frame.[0m
[realsense2_camera_node-1] [31m[ERROR] [1785190719.743034951] [camera.camera]: Failed to fill rgb message inside RGBD message[0m
[realsense2_camera_node-1] [31m[ERROR] [1785190719.774455620] [camera.camera]: cv::Mat is empty. Ignoring this frame.[0m
[realsense2_camera_node-1] [31m[ERROR] [1785190719.774672912] [camera.camera]: Failed to fill rgb message inside RGBD message[0m
[realsense2_camera_node-1] [31m[ERROR] [1785190719.807663624] [camera.camera]: cv::Mat is empty. Ignoring this frame.[0m
[realsense2_camera_node-1] [31m[ERROR] [1785190719.807925249] [camera.camera]: Failed to fill rgb message inside RGBD message[0m
[realsense2_camera_node-1] [31m[ERROR] [1785190719.841226877] [camera.camera]: cv::Mat is empty. Ignoring this frame.[0m
[realsense2_camera_node-1] [31m[ERROR] [1785190719.841442127] [camera.camera]: Failed to fill rgb message inside RGBD message[0m
[realsense2_camera_node-1] [31m[ERROR] [1785190719.874709630] [camera.camera]: cv::Mat is empty. Ignoring this frame.[0m
[realsense2_camera_node-1] [31m[ERROR] [1785190719.874924589] [camera.camera]: Failed to fill rgb message inside RGBD message[0m
[realsense2_camera_node-1] [31m[ERROR] [1785190719.909454426] [camera.camera]: cv::Mat is empty. Ignoring this frame.[0m
[realsense2_camera_node-1] [31m[ERROR] [1785190719.909847301] [camera.camera]: Failed to fill rgb message inside RGBD message[0m
[realsense2_camera_node-1] [31m[ERROR] [1785190719.941602512] [camera.camera]: cv::Mat is empty. Ignoring this frame.[0m
[realsense2_camera_node-1] [31m[ERROR] [1785190719.941822137] [camera.camera]: Failed to fill rgb message inside RGBD message[0m
[realsense2_camera_node-1] [31m[ERROR] [1785190719.974899766] [camera.camera]: cv::Mat is empty. Ignoring this frame.[0m
[realsense2_camera_node-1] [31m[ERROR] [1785190719.975121724] [camera.camera]: Failed to fill rgb message inside RGBD message[0m
[realsense2_camera_node-1] [31m[ERROR] [1785190720.007945894] [camera.camera]: cv::Mat is empty. Ignoring this frame.[0m
[realsense2_camera_node-1] [31m[ERROR] [1785190720.008200811] [camera.camera]: Failed to fill rgb message inside RGBD message[0m
[realsense2_camera_node-1] [31m[ERROR] [1785190720.042644314] [camera.camera]: cv::Mat is empty. Ignoring this frame.[0m
[realsense2_camera_node-1] [31m[ERROR] [1785190720.042986439] [camera.camera]: Failed to fill rgb message inside RGBD message[0m
[realsense2_camera_node-1] [31m[ERROR] [1785190720.076338234] [camera.camera]: cv::Mat is empty. Ignoring this frame.[0m
[realsense2_camera_node-1] [31m[ERROR] [1785190720.076745984] [camera.camera]: Failed to fill rgb message inside RGBD message[0m
[realsense2_camera_node-1] [31m[ERROR] [1785190720.108203987] [camera.camera]: cv::Mat is empty. Ignoring this frame.[0m
[realsense2_camera_node-1] [31m[ERROR] [1785190720.108429446] [camera.camera]: Failed to fill rgb message inside RGBD message[0m
[realsense2_camera_node-1] [31m[ERROR] [1785190720.141334991] [camera.camera]: cv::Mat is empty. Ignoring this frame.[0m
[realsense2_camera_node-1] [31m[ERROR] [1785190720.141578532] [camera.camera]: Failed to fill rgb message inside RGBD message[0m
[realsense2_camera_node-1] [31m[ERROR] [1785190720.174786827] [camera.camera]: cv::Mat is empty. Ignoring this frame.[0m
[realsense2_camera_node-1] [31m[ERROR] [1785190720.175010244] [camera.camera]: Failed to fill rgb message inside RGBD message[0m
[realsense2_camera_node-1] [31m[ERROR] [1785190720.208673831] [camera.camera]: cv::Mat is empty. Ignoring this frame.[0m
[realsense2_camera_node-1] [31m[ERROR] [1785190720.208892289] [camera.camera]: Failed to fill rgb message inside RGBD message[0m
[realsense2_camera_node-1] [31m[ERROR] [1785190720.242242917] [camera.camera]: cv::Mat is empty. Ignoring this frame.[0m
[realsense2_camera_node-1] [31m[ERROR] [1785190720.242610126] [camera.camera]: Failed to fill rgb message inside RGBD message[0m
[realsense2_camera_node-1] [31m[ERROR] [1785190720.274389254] [camera.camera]: cv::Mat is empty. Ignoring this frame.[0m
[realsense2_camera_node-1] [31m[ERROR] [1785190720.274623754] [camera.camera]: Failed to fill rgb message inside RGBD message[0m
[realsense2_camera_node-1] [31m[ERROR] [1785190720.307686799] [camera.camera]: cv::Mat is empty. Ignoring this frame.[0m
[realsense2_camera_node-1] [31m[ERROR] [1785190720.307918091] [camera.camera]: Failed to fill rgb message inside RGBD message[0m
[realsense2_camera_node-1] [31m[ERROR] [1785190720.341096927] [camera.camera]: cv::Mat is empty. Ignoring this frame.[0m
[realsense2_camera_node-1] [31m[ERROR] [1785190720.341332011] [camera.camera]: Failed to fill rgb message inside RGBD message[0m
[realsense2_camera_node-1] [31m[ERROR] [1785190720.374406139] [camera.camera]: cv::Mat is empty. Ignoring this frame.[0m
[realsense2_camera_node-1] [31m[ERROR] [1785190720.374640931] [camera.camera]: Failed to fill rgb message inside RGBD message[0m
[realsense2_camera_node-1] [31m[ERROR] [1785190720.409150642] [camera.camera]: cv::Mat is empty. Ignoring this frame.[0m
[realsense2_camera_node-1] [31m[ERROR] [1785190720.409513476] [camera.camera]: Failed to fill rgb message inside RGBD message[0m
[realsense2_camera_node-1] [31m[ERROR] [1785190720.441296687] [camera.camera]: cv::Mat is empty. Ignoring this frame.[0m
[realsense2_camera_node-1] [31m[ERROR] [1785190720.441537604] [camera.camera]: Failed to fill rgb message inside RGBD message[0m
[realsense2_camera_node-1] [31m[ERROR] [1785190720.474659857] [camera.camera]: cv::Mat is empty. Ignoring this frame.[0m
[realsense2_camera_node-1] [31m[ERROR] [1785190720.474927316] [camera.camera]: Failed to fill rgb message inside RGBD message[0m
[realsense2_camera_node-1] [31m[ERROR] [1785190720.507828194] [camera.camera]: cv::Mat is empty. Ignoring this frame.[0m
[realsense2_camera_node-1] [31m[ERROR] [1785190720.508064152] [camera.camera]: Failed to fill rgb message inside RGBD message[0m
[realsense2_camera_node-1] [31m[ERROR] [1785190720.541169489] [camera.camera]: cv::Mat is empty. Ignoring this frame.[0m
[realsense2_camera_node-1] [31m[ERROR] [1785190720.541399322] [camera.camera]: Failed to fill rgb message inside RGBD message[0m
[realsense2_camera_node-1] [31m[ERROR] [1785190720.575939659] [camera.camera]: cv::Mat is empty. Ignoring this frame.[0m
[realsense2_camera_node-1] [31m[ERROR] [1785190720.576324659] [camera.camera]: Failed to fill rgb message inside RGBD message[0m
[realsense2_camera_node-1] [31m[ERROR] [1785190720.607871912] [camera.camera]: cv::Mat is empty. Ignoring this frame.[0m
[realsense2_camera_node-1] [31m[ERROR] [1785190720.608117204] [camera.camera]: Failed to fill rgb message inside RGBD message[0m
[realsense2_camera_node-1] [31m[ERROR] [1785190720.641229249] [camera.camera]: cv::Mat is empty. Ignoring this frame.[0m
[realsense2_camera_node-1] [31m[ERROR] [1785190720.641472499] [camera.camera]: Failed to fill rgb message inside RGBD message[0m
[realsense2_camera_node-1] [31m[ERROR] [1785190720.674718419] [camera.camera]: cv::Mat is empty. Ignoring this frame.[0m
[realsense2_camera_node-1] [31m[ERROR] [1785190720.674975669] [camera.camera]: Failed to fill rgb message inside RGBD message[0m
[realsense2_camera_node-1] [31m[ERROR] [1785190720.707950923] [camera.camera]: cv::Mat is empty. Ignoring this frame.[0m
[realsense2_camera_node-1] [31m[ERROR] [1785190720.708185423] [camera.camera]: Failed to fill rgb message inside RGBD message[0m
[realsense2_camera_node-1] [31m[ERROR] [1785190720.742680551] [camera.camera]: cv::Mat is empty. Ignoring this frame.[0m
[realsense2_camera_node-1] [31m[ERROR] [1785190720.743206134] [camera.camera]: Failed to fill rgb message inside RGBD message[0m
[realsense2_camera_node-1] [31m[ERROR] [1785190720.774810846] [camera.camera]: cv::Mat is empty. Ignoring this frame.[0m
[realsense2_camera_node-1] [31m[ERROR] [1785190720.775067804] [camera.camera]: Failed to fill rgb message inside RGBD message[0m
[realsense2_camera_node-1] [31m[ERROR] [1785190720.808239933] [camera.camera]: cv::Mat is empty. Ignoring this frame.[0m
[realsense2_camera_node-1] [31m[ERROR] [1785190720.808507391] [camera.camera]: Failed to fill rgb message inside RGBD message[0m
[realsense2_camera_node-1] [31m[ERROR] [1785190720.836057060] [camera.camera]: cv::Mat is empty. Ignoring this frame.[0m
[realsense2_camera_node-1] [31m[ERROR] [1785190720.836156810] [camera.camera]: Failed to fill rgb message inside RGBD message[0m
[realsense2_camera_node-1] [31m[ERROR] [1785190720.869083647] [camera.camera]: cv::Mat is empty. Ignoring this frame.[0m
[realsense2_camera_node-1] [31m[ERROR] [1785190720.869176105] [camera.camera]: Failed to fill rgb message inside RGBD message[0m
[realsense2_camera_node-1] [31m[ERROR] [1785190720.903131650] [camera.camera]: cv::Mat is empty. Ignoring this frame.[0m
[realsense2_camera_node-1] [31m[ERROR] [1785190720.903278067] [camera.camera]: Failed to fill rgb message inside RGBD message[0m
[realsense2_camera_node-1] [31m[ERROR] [1785190720.935505487] [camera.camera]: cv::Mat is empty. Ignoring this frame.[0m
[realsense2_camera_node-1] [31m[ERROR] [1785190720.935610487] [camera.camera]: Failed to fill rgb message inside RGBD message[0m
[realsense2_camera_node-1] [31m[ERROR] [1785190720.969094990] [camera.camera]: cv::Mat is empty. Ignoring this frame.[0m
[realsense2_camera_node-1] [31m[ERROR] [1785190720.969197074] [camera.camera]: Failed to fill rgb message inside RGBD message[0m
[realsense2_camera_node-1] [31m[ERROR] [1785190721.002425202] [camera.camera]: cv::Mat is empty. Ignoring this frame.[0m
[realsense2_camera_node-1] [31m[ERROR] [1785190721.002527577] [camera.camera]: Failed to fill rgb message inside RGBD message[0m
[realsense2_camera_node-1] [31m[ERROR] [1785190721.035595580] [camera.camera]: cv::Mat is empty. Ignoring this frame.[0m
[realsense2_camera_node-1] [31m[ERROR] [1785190721.035689497] [camera.camera]: Failed to fill rgb message inside RGBD message[0m
[realsense2_camera_node-1] [31m[ERROR] [1785190721.072204709] [camera.camera]: cv::Mat is empty. Ignoring this frame.[0m
[realsense2_camera_node-1] [31m[ERROR] [1785190721.072395459] [camera.camera]: Failed to fill rgb message inside RGBD message[0m
[realsense2_camera_node-1] [31m[ERROR] [1785190721.102538920] [camera.camera]: cv::Mat is empty. Ignoring this frame.[0m
[realsense2_camera_node-1] [31m[ERROR] [1785190721.102642754] [camera.camera]: Failed to fill rgb message inside RGBD message[0m
[realsense2_camera_node-1] [31m[ERROR] [1785190721.135910549] [camera.camera]: cv::Mat is empty. Ignoring this frame.[0m
[realsense2_camera_node-1] [31m[ERROR] [1785190721.136011757] [camera.camera]: Failed to fill rgb message inside RGBD message[0m
[realsense2_camera_node-1] [31m[ERROR] [1785190721.169417219] [camera.camera]: cv::Mat is empty. Ignoring this frame.[0m
[realsense2_camera_node-1] [31m[ERROR] [1785190721.169516386] [camera.camera]: Failed to fill rgb message inside RGBD message[0m
[realsense2_camera_node-1] [31m[ERROR] [1785190721.202769889] [camera.camera]: cv::Mat is empty. Ignoring this frame.[0m
[realsense2_camera_node-1] [31m[ERROR] [1785190721.202878097] [camera.camera]: Failed to fill rgb message inside RGBD message[0m
[realsense2_camera_node-1] [31m[ERROR] [1785190721.236319142] [camera.camera]: cv::Mat is empty. Ignoring this frame.[0m
[realsense2_camera_node-1] [31m[ERROR] [1785190721.236485976] [camera.camera]: Failed to fill rgb message inside RGBD message[0m
[realsense2_camera_node-1] [31m[ERROR] [1785190721.269172771] [camera.camera]: cv::Mat is empty. Ignoring this frame.[0m
[realsense2_camera_node-1] [31m[ERROR] [1785190721.269275437] [camera.camera]: Failed to fill rgb message inside RGBD message[0m
[realsense2_camera_node-1] [31m[ERROR] [1785190721.302525149] [camera.camera]: cv::Mat is empty. Ignoring this frame.[0m
[realsense2_camera_node-1] [31m[ERROR] [1785190721.302615857] [camera.camera]: Failed to fill rgb message inside RGBD message[0m
[realsense2_camera_node-1] [31m[ERROR] [1785190721.335933527] [camera.camera]: cv::Mat is empty. Ignoring this frame.[0m
[realsense2_camera_node-1] [31m[ERROR] [1785190721.336033277] [camera.camera]: Failed to fill rgb message inside RGBD message[0m
[realsense2_camera_node-1] [31m[ERROR] [1785190721.369145614] [camera.camera]: cv::Mat is empty. Ignoring this frame.[0m
[realsense2_camera_node-1] [31m[ERROR] [1785190721.369237197] [camera.camera]: Failed to fill rgb message inside RGBD message[0m
[realsense2_camera_node-1] [31m[ERROR] [1785190721.403458159] [camera.camera]: cv::Mat is empty. Ignoring this frame.[0m
[realsense2_camera_node-1] [31m[ERROR] [1785190721.403607492] [camera.camera]: Failed to fill rgb message inside RGBD message[0m
[realsense2_camera_node-1] [31m[ERROR] [1785190721.435856204] [camera.camera]: cv::Mat is empty. Ignoring this frame.[0m
[realsense2_camera_node-1] [31m[ERROR] [1785190721.435952746] [camera.camera]: Failed to fill rgb message inside RGBD message[0m
[realsense2_camera_node-1] [31m[ERROR] [1785190721.469268666] [camera.camera]: cv::Mat is empty. Ignoring this frame.[0m
[realsense2_camera_node-1] [31m[ERROR] [1785190721.469364041] [camera.camera]: Failed to fill rgb message inside RGBD message[0m
[realsense2_camera_node-1] [31m[ERROR] [1785190721.503040461] [camera.camera]: cv::Mat is empty. Ignoring this frame.[0m
[realsense2_camera_node-1] [31m[ERROR] [1785190721.503177836] [camera.camera]: Failed to fill rgb message inside RGBD message[0m
[realsense2_camera_node-1] [31m[ERROR] [1785190721.536220756] [camera.camera]: cv::Mat is empty. Ignoring this frame.[0m
[realsense2_camera_node-1] [31m[ERROR] [1785190721.536318464] [camera.camera]: Failed to fill rgb message inside RGBD message[0m
[realsense2_camera_node-1] [31m[ERROR] [1785190721.570158509] [camera.camera]: cv::Mat is empty. Ignoring this frame.[0m
[realsense2_camera_node-1] [31m[ERROR] [1785190721.570302009] [camera.camera]: Failed to fill rgb message inside RGBD message[0m
[realsense2_camera_node-1] [31m[ERROR] [1785190721.602780554] [camera.camera]: cv::Mat is empty. Ignoring this frame.[0m
[realsense2_camera_node-1] [31m[ERROR] [1785190721.602865429] [camera.camera]: Failed to fill rgb message inside RGBD message[0m
[realsense2_camera_node-1] [31m[ERROR] [1785190721.636234141] [camera.camera]: cv::Mat is empty. Ignoring this frame.[0m
[realsense2_camera_node-1] [31m[ERROR] [1785190721.636319891] [camera.camera]: Failed to fill rgb message inside RGBD message[0m
[realsense2_camera_node-1] [31m[ERROR] [1785190721.669475394] [camera.camera]: cv::Mat is empty. Ignoring this frame.[0m
[realsense2_camera_node-1] [31m[ERROR] [1785190721.669566394] [camera.camera]: Failed to fill rgb message inside RGBD message[0m
[realsense2_camera_node-1] [0m[INFO] [1785190721.689225604] [camera.camera]: RealSense Node Is Up![0m
[realsense2_camera_node-1] [31m[ERROR] [1785190721.703077439] [camera.camera]: cv::Mat is empty. Ignoring this frame.[0m
[realsense2_camera_node-1] [31m[ERROR] [1785190721.703173398] [camera.camera]: Failed to fill rgb message inside RGBD message[0m
[realsense2_camera_node-1] [31m[ERROR] [1785190721.737157526] [camera.camera]: cv::Mat is empty. Ignoring this frame.[0m
[realsense2_camera_node-1] [31m[ERROR] [1785190721.737316776] [camera.camera]: Failed to fill rgb message inside RGBD message[0m
[realsense2_camera_node-1] [31m[ERROR] [1785190721.770106238] [camera.camera]: cv::Mat is empty. Ignoring this frame.[0m
[realsense2_camera_node-1] [31m[ERROR] [1785190721.770215029] [camera.camera]: Failed to fill depth message inside RGBD message[0m
[realsense2_camera_node-1] [31m[ERROR] [1785190721.803454241] [camera.camera]: cv::Mat is empty. Ignoring this frame.[0m
[realsense2_camera_node-1] [31m[ERROR] [1785190721.803554866] [camera.camera]: Failed to fill depth message inside RGBD message[0m
[realsense2_camera_node-1] [31m[ERROR] [1785190721.836371161] [camera.camera]: cv::Mat is empty. Ignoring this frame.[0m
[realsense2_camera_node-1] [31m[ERROR] [1785190721.836466244] [camera.camera]: Failed to fill depth message inside RGBD message[0m
[realsense2_camera_node-1] [31m[ERROR] [1785190721.869659373] [camera.camera]: cv::Mat is empty. Ignoring this frame.[0m
[realsense2_camera_node-1] [31m[ERROR] [1785190721.869756498] [camera.camera]: Failed to fill depth message inside RGBD message[0m
[realsense2_camera_node-1] [31m[ERROR] [1785190721.904777501] [camera.camera]: cv::Mat is empty. Ignoring this frame.[0m
[realsense2_camera_node-1] [31m[ERROR] [1785190721.904949876] [camera.camera]: Failed to fill depth message inside RGBD message[0m
[realsense2_camera_node-1] [31m[ERROR] [1785190721.936435004] [camera.camera]: cv::Mat is empty. Ignoring this frame.[0m
[realsense2_camera_node-1] [31m[ERROR] [1785190721.936533296] [camera.camera]: Failed to fill depth message inside RGBD message[0m
[realsense2_camera_node-1] [31m[ERROR] [1785190721.969811883] [camera.camera]: cv::Mat is empty. Ignoring this frame.[0m
[realsense2_camera_node-1] [31m[ERROR] [1785190721.969909883] [camera.camera]: Failed to fill depth message inside RGBD message[0m
[realsense2_camera_node-1] [31m[ERROR] [1785190722.003237469] [camera.camera]: cv::Mat is empty. Ignoring this frame.[0m
[realsense2_camera_node-1] [31m[ERROR] [1785190722.003348303] [camera.camera]: Failed to fill depth message inside RGBD message[0m
[realsense2_camera_node-1] [31m[ERROR] [1785190722.036448681] [camera.camera]: cv::Mat is empty. Ignoring this frame.[0m
[realsense2_camera_node-1] [31m[ERROR] [1785190722.036556598] [camera.camera]: Failed to fill depth message inside RGBD message[0m
[realsense2_camera_node-1] [31m[ERROR] [1785190722.070698226] [camera.camera]: cv::Mat is empty. Ignoring this frame.[0m
[realsense2_camera_node-1] [31m[ERROR] [1785190722.070976476] [camera.camera]: Failed to fill depth message inside RGBD message[0m
[realsense2_camera_node-1] [31m[ERROR] [1785190722.103652479] [camera.camera]: cv::Mat is empty. Ignoring this frame.[0m
[realsense2_camera_node-1] [31m[ERROR] [1785190722.103759813] [camera.camera]: Failed to fill depth message inside RGBD message[0m
[realsense2_camera_node-1] [31m[ERROR] [1785190722.136852316] [camera.camera]: cv::Mat is empty. Ignoring this frame.[0m
[realsense2_camera_node-1] [31m[ERROR] [1785190722.137036066] [camera.camera]: Failed to fill depth message inside RGBD message[0m
[realsense2_camera_node-1] [31m[ERROR] [1785190722.169945111] [camera.camera]: cv::Mat is empty. Ignoring this frame.[0m
[realsense2_camera_node-1] [31m[ERROR] [1785190722.170047486] [camera.camera]: Failed to fill depth message inside RGBD message[0m
[realsense2_camera_node-1] [31m[ERROR] [1785190722.203246739] [camera.camera]: cv::Mat is empty. Ignoring this frame.[0m
[realsense2_camera_node-1] [31m[ERROR] [1785190722.203346781] [camera.camera]: Failed to fill depth message inside RGBD message[0m
[realsense2_camera_node-1] [31m[ERROR] [1785190722.237556660] [camera.camera]: cv::Mat is empty. Ignoring this frame.[0m
[realsense2_camera_node-1] [31m[ERROR] [1785190722.237900243] [camera.camera]: Failed to fill depth message inside RGBD message[0m
[realsense2_camera_node-1] [31m[ERROR] [1785190722.270309663] [camera.camera]: cv::Mat is empty. Ignoring this frame.[0m
[realsense2_camera_node-1] [31m[ERROR] [1785190722.270410288] [camera.camera]: Failed to fill depth message inside RGBD message[0m
[realsense2_camera_node-1] [31m[ERROR] [1785190722.303448249] [camera.camera]: cv::Mat is empty. Ignoring this frame.[0m
[realsense2_camera_node-1] [31m[ERROR] [1785190722.303554708] [camera.camera]: Failed to fill depth message inside RGBD message[0m
[realsense2_camera_node-1] [31m[ERROR] [1785190722.336856336] [camera.camera]: cv::Mat is empty. Ignoring this frame.[0m
[realsense2_camera_node-1] [31m[ERROR] [1785190722.336957836] [camera.camera]: Failed to fill depth message inside RGBD message[0m
[realsense2_camera_node-1] [31m[ERROR] [1785190722.370039840] [camera.camera]: cv::Mat is empty. Ignoring this frame.[0m
[realsense2_camera_node-1] [31m[ERROR] [1785190722.370129965] [camera.camera]: Failed to fill depth message inside RGBD message[0m
[realsense2_camera_node-1] [31m[ERROR] [1785190722.405213385] [camera.camera]: cv::Mat is empty. Ignoring this frame.[0m
[realsense2_camera_node-1] [31m[ERROR] [1785190722.405402385] [camera.camera]: Failed to fill depth message inside RGBD message[0m
[realsense2_camera_node-1] [31m[ERROR] [1785190722.436741096] [camera.camera]: cv::Mat is empty. Ignoring this frame.[0m
[realsense2_camera_node-1] [31m[ERROR] [1785190722.436831221] [camera.camera]: Failed to fill depth message inside RGBD message[0m
[realsense2_camera_node-1] [31m[ERROR] [1785190722.470747975] [camera.camera]: cv::Mat is empty. Ignoring this frame.[0m
[realsense2_camera_node-1] [31m[ERROR] [1785190722.470918308] [camera.camera]: Failed to fill depth message inside RGBD message[0m
[realsense2_camera_node-1] [31m[ERROR] [1785190722.503473561] [camera.camera]: cv::Mat is empty. Ignoring this frame.[0m
[realsense2_camera_node-1] [31m[ERROR] [1785190722.503577686] [camera.camera]: Failed to fill depth message inside RGBD message[0m
[realsense2_camera_node-1] [31m[ERROR] [1785190722.536961565] [camera.camera]: cv::Mat is empty. Ignoring this frame.[0m
[realsense2_camera_node-1] [31m[ERROR] [1785190722.537064523] [camera.camera]: Failed to fill depth message inside RGBD message[0m
[realsense2_camera_node-1] [31m[ERROR] [1785190722.571346151] [camera.camera]: cv::Mat is empty. Ignoring this frame.[0m
[realsense2_camera_node-1] [31m[ERROR] [1785190722.571501610] [camera.camera]: Failed to fill depth message inside RGBD message[0m
[realsense2_camera_node-1] [31m[ERROR] [1785190722.603634821] [camera.camera]: cv::Mat is empty. Ignoring this frame.[0m
[realsense2_camera_node-1] [31m[ERROR] [1785190722.603722905] [camera.camera]: Failed to fill depth message inside RGBD message[0m
[realsense2_camera_node-1] [31m[ERROR] [1785190722.640100158] [camera.camera]: cv::Mat is empty. Ignoring this frame.[0m
[realsense2_camera_node-1] [31m[ERROR] [1785190722.640207783] [camera.camera]: Failed to fill depth message inside RGBD message[0m
[realsense2_camera_node-1] [31m[ERROR] [1785190722.676965079] [camera.camera]: cv::Mat is empty. Ignoring this frame.[0m
[realsense2_camera_node-1] [31m[ERROR] [1785190722.677180912] [camera.camera]: Failed to fill depth message inside RGBD message[0m
[realsense2_camera_node-1] [31m[ERROR] [1785190722.710308707] [camera.camera]: cv::Mat is empty. Ignoring this frame.[0m
[realsense2_camera_node-1] [31m[ERROR] [1785190722.710516374] [camera.camera]: Failed to fill depth message inside RGBD message[0m
[realsense2_camera_node-1] [31m[ERROR] [1785190722.745090544] [camera.camera]: cv::Mat is empty. Ignoring this frame.[0m
[realsense2_camera_node-1] [31m[ERROR] [1785190722.745491294] [camera.camera]: Failed to fill depth message inside RGBD message[0m
[realsense2_camera_node-1] [31m[ERROR] [1785190722.776998005] [camera.camera]: cv::Mat is empty. Ignoring this frame.[0m
[realsense2_camera_node-1] [31m[ERROR] [1785190722.777211797] [camera.camera]: Failed to fill depth message inside RGBD message[0m
[realsense2_camera_node-1] [31m[ERROR] [1785190722.810296425] [camera.camera]: cv::Mat is empty. Ignoring this frame.[0m
[realsense2_camera_node-1] [31m[ERROR] [1785190722.810515175] [camera.camera]: Failed to fill depth message inside RGBD message[0m
[realsense2_camera_node-1] [31m[ERROR] [1785190722.843522804] [camera.camera]: cv::Mat is empty. Ignoring this frame.[0m
[realsense2_camera_node-1] [31m[ERROR] [1785190722.843742137] [camera.camera]: Failed to fill depth message inside RGBD message[0m
[realsense2_camera_node-1] [31m[ERROR] [1785190722.877432265] [camera.camera]: cv::Mat is empty. Ignoring this frame.[0m
[realsense2_camera_node-1] [31m[ERROR] [1785190722.877656849] [camera.camera]: Failed to fill depth message inside RGBD message[0m
[realsense2_camera_node-1] [31m[ERROR] [1785190722.912206519] [camera.camera]: cv::Mat is empty. Ignoring this frame.[0m
[realsense2_camera_node-1] [31m[ERROR] [1785190722.912543102] [camera.camera]: Failed to fill depth message inside RGBD message[0m
[realsense2_camera_node-1] [31m[ERROR] [1785190722.944144606] [camera.camera]: cv::Mat is empty. Ignoring this frame.[0m
[realsense2_camera_node-1] [31m[ERROR] [1785190722.944369189] [camera.camera]: Failed to fill depth message inside RGBD message[0m
[realsense2_camera_node-1] [31m[ERROR] [1785190722.978679401] [camera.camera]: cv::Mat is empty. Ignoring this frame.[0m
[realsense2_camera_node-1] [31m[ERROR] [1785190722.978899026] [camera.camera]: Failed to fill depth message inside RGBD message[0m
[realsense2_camera_node-1] [31m[ERROR] [1785190723.010659196] [camera.camera]: cv::Mat is empty. Ignoring this frame.[0m
[realsense2_camera_node-1] [31m[ERROR] [1785190723.010894279] [camera.camera]: Failed to fill depth message inside RGBD message[0m
[realsense2_camera_node-1] [31m[ERROR] [1785190723.044452282] [camera.camera]: cv::Mat is empty. Ignoring this frame.[0m
[realsense2_camera_node-1] [31m[ERROR] [1785190723.044668699] [camera.camera]: Failed to fill depth message inside RGBD message[0m
[realsense2_camera_node-1] [31m[ERROR] [1785190723.079013327] [camera.camera]: cv::Mat is empty. Ignoring this frame.[0m
[realsense2_camera_node-1] [31m[ERROR] [1785190723.079428077] [camera.camera]: Failed to fill depth message inside RGBD message[0m
[realsense2_camera_node-1] [31m[ERROR] [1785190723.110410372] [camera.camera]: cv::Mat is empty. Ignoring this frame.[0m
[realsense2_camera_node-1] [31m[ERROR] [1785190723.110631747] [camera.camera]: Failed to fill depth message inside RGBD message[0m
[realsense2_camera_node-1] [31m[ERROR] [1785190723.144343751] [camera.camera]: cv::Mat is empty. Ignoring this frame.[0m
[realsense2_camera_node-1] [31m[ERROR] [1785190723.144571542] [camera.camera]: Failed to fill depth message inside RGBD message[0m
[realsense2_camera_node-1] [31m[ERROR] [1785190723.177281962] [camera.camera]: cv::Mat is empty. Ignoring this frame.[0m
[realsense2_camera_node-1] [31m[ERROR] [1785190723.177506254] [camera.camera]: Failed to fill depth message inside RGBD message[0m
[realsense2_camera_node-1] [31m[ERROR] [1785190723.212538632] [camera.camera]: cv::Mat is empty. Ignoring this frame.[0m
[realsense2_camera_node-1] [31m[ERROR] [1785190723.212762633] [camera.camera]: Failed to fill depth message inside RGBD message[0m
[realsense2_camera_node-1] [31m[ERROR] [1785190723.245555011] [camera.camera]: cv::Mat is empty. Ignoring this frame.[0m
[realsense2_camera_node-1] [31m[ERROR] [1785190723.245917553] [camera.camera]: Failed to fill depth message inside RGBD message[0m
[realsense2_camera_node-1] [31m[ERROR] [1785190723.277173722] [camera.camera]: cv::Mat is empty. Ignoring this frame.[0m
[realsense2_camera_node-1] [31m[ERROR] [1785190723.277395389] [camera.camera]: Failed to fill depth message inside RGBD message[0m
[realsense2_camera_node-1] [31m[ERROR] [1785190723.310540976] [camera.camera]: cv::Mat is empty. Ignoring this frame.[0m
[realsense2_camera_node-1] [31m[ERROR] [1785190723.310762642] [camera.camera]: Failed to fill depth message inside RGBD message[0m
[realsense2_camera_node-1] [31m[ERROR] [1785190723.344185604] [camera.camera]: cv::Mat is empty. Ignoring this frame.[0m
[realsense2_camera_node-1] [31m[ERROR] [1785190723.344404646] [camera.camera]: Failed to fill depth message inside RGBD message[0m
[realsense2_camera_node-1] [31m[ERROR] [1785190723.378103524] [camera.camera]: cv::Mat is empty. Ignoring this frame.[0m
[realsense2_camera_node-1] [31m[ERROR] [1785190723.378325774] [camera.camera]: Failed to fill depth message inside RGBD message[0m
[realsense2_camera_node-1] [31m[ERROR] [1785190723.413346194] [camera.camera]: cv::Mat is empty. Ignoring this frame.[0m
[realsense2_camera_node-1] [31m[ERROR] [1785190723.413631736] [camera.camera]: Failed to fill depth message inside RGBD message[0m
[realsense2_camera_node-1] [31m[ERROR] [1785190723.444240989] [camera.camera]: cv::Mat is empty. Ignoring this frame.[0m
[realsense2_camera_node-1] [31m[ERROR] [1785190723.444461197] [camera.camera]: Failed to fill depth message inside RGBD message[0m
[realsense2_camera_node-1] [31m[ERROR] [1785190723.477685826] [camera.camera]: cv::Mat is empty. Ignoring this frame.[0m
[realsense2_camera_node-1] [31m[ERROR] [1785190723.477974867] [camera.camera]: Failed to fill depth message inside RGBD message[0m
[realsense2_camera_node-1] [31m[ERROR] [1785190723.510299996] [camera.camera]: cv::Mat is empty. Ignoring this frame.[0m
[realsense2_camera_node-1] [31m[ERROR] [1785190723.510556371] [camera.camera]: Failed to fill depth message inside RGBD message[0m
[realsense2_camera_node-1] [31m[ERROR] [1785190723.543731124] [camera.camera]: cv::Mat is empty. Ignoring this frame.[0m
[realsense2_camera_node-1] [31m[ERROR] [1785190723.543979041] [camera.camera]: Failed to fill depth message inside RGBD message[0m
[realsense2_camera_node-1] [31m[ERROR] [1785190723.578563711] [camera.camera]: cv::Mat is empty. Ignoring this frame.[0m
[realsense2_camera_node-1] [31m[ERROR] [1785190723.578953961] [camera.camera]: Failed to fill depth message inside RGBD message[0m
[realsense2_camera_node-1] [31m[ERROR] [1785190723.610632172] [camera.camera]: cv::Mat is empty. Ignoring this frame.[0m
[realsense2_camera_node-1] [31m[ERROR] [1785190723.610858798] [camera.camera]: Failed to fill depth message inside RGBD message[0m
[realsense2_camera_node-1] [31m[ERROR] [1785190723.643526051] [camera.camera]: cv::Mat is empty. Ignoring this frame.[0m
[realsense2_camera_node-1] [31m[ERROR] [1785190723.643754426] [camera.camera]: Failed to fill depth message inside RGBD message[0m
[realsense2_camera_node-1] [31m[ERROR] [1785190723.677064804] [camera.camera]: cv::Mat is empty. Ignoring this frame.[0m
[realsense2_camera_node-1] [31m[ERROR] [1785190723.677310388] [camera.camera]: Failed to fill depth message inside RGBD message[0m
[realsense2_camera_node-1] [31m[ERROR] [1785190723.711326308] [camera.camera]: cv::Mat is empty. Ignoring this frame.[0m
[realsense2_camera_node-1] [31m[ERROR] [1785190723.711545349] [camera.camera]: Failed to fill depth message inside RGBD message[0m
[realsense2_camera_node-1] [31m[ERROR] [1785190723.745675019] [camera.camera]: cv::Mat is empty. Ignoring this frame.[0m
[realsense2_camera_node-1] [31m[ERROR] [1785190723.746093853] [camera.camera]: Failed to fill depth message inside RGBD message[0m
[realsense2_camera_node-1] [31m[ERROR] [1785190723.777319981] [camera.camera]: cv::Mat is empty. Ignoring this frame.[0m
[realsense2_camera_node-1] [31m[ERROR] [1785190723.777574314] [camera.camera]: Failed to fill depth message inside RGBD message[0m
[realsense2_camera_node-1] [31m[ERROR] [1785190723.810525359] [camera.camera]: cv::Mat is empty. Ignoring this frame.[0m
[realsense2_camera_node-1] [31m[ERROR] [1785190723.810770943] [camera.camera]: Failed to fill depth message inside RGBD message[0m
[realsense2_camera_node-1] [31m[ERROR] [1785190723.843821446] [camera.camera]: cv::Mat is empty. Ignoring this frame.[0m
[realsense2_camera_node-1] [31m[ERROR] [1785190723.844051571] [camera.camera]: Failed to fill depth message inside RGBD message[0m
[realsense2_camera_node-1] [31m[ERROR] [1785190723.877158949] [camera.camera]: cv::Mat is empty. Ignoring this frame.[0m
[realsense2_camera_node-1] [31m[ERROR] [1785190723.877393741] [camera.camera]: Failed to fill depth message inside RGBD message[0m
[realsense2_camera_node-1] [31m[ERROR] [1785190723.912211744] [camera.camera]: cv::Mat is empty. Ignoring this frame.[0m
[realsense2_camera_node-1] [31m[ERROR] [1785190723.912570786] [camera.camera]: Failed to fill depth message inside RGBD message[0m
[realsense2_camera_node-1] [31m[ERROR] [1785190723.943890248] [camera.camera]: cv::Mat is empty. Ignoring this frame.[0m
[realsense2_camera_node-1] [31m[ERROR] [1785190723.944129998] [camera.camera]: Failed to fill depth message inside RGBD message[0m
[realsense2_camera_node-1] [31m[ERROR] [1785190723.977251959] [camera.camera]: cv::Mat is empty. Ignoring this frame.[0m
[realsense2_camera_node-1] [31m[ERROR] [1785190723.977486168] [camera.camera]: Failed to fill depth message inside RGBD message[0m
[realsense2_camera_node-1] [31m[ERROR] [1785190724.010697963] [camera.camera]: cv::Mat is empty. Ignoring this frame.[0m
[realsense2_camera_node-1] [31m[ERROR] [1785190724.010969504] [camera.camera]: Failed to fill depth message inside RGBD message[0m
[taskset-2] [0m[INFO] [1785190724.327846995] [air_ground_servo_node]: RGBD fps=0.00 size=640x480 center=(320,240) depth=invalid XYZ=invalid valid=0/100[0m
[taskset-2] [0m[INFO] [1785190726.398113536] [air_ground_servo_node]: RGBD fps=0.48 size=640x480 center=(320,240) depth=invalid XYZ=invalid valid=0/100[0m
[taskset-2] [0m[INFO] [1785190728.478129912] [air_ground_servo_node]: RGBD fps=4.05 size=640x480 center=(320,240) depth=invalid XYZ=invalid valid=0/100[0m
[taskset-2] [0m[INFO] [1785190730.482623280] [air_ground_servo_node]: RGBD fps=6.97 size=640x480 center=(320,240) depth=invalid XYZ=invalid valid=0/100[0m
[taskset-2] [0m[INFO] [1785190732.489794731] [air_ground_servo_node]: RGBD fps=28.41 size=640x480 center=(320,240) depth=invalid XYZ=invalid valid=0/100[0m
[taskset-2] [0m[INFO] [1785190734.519536810] [air_ground_servo_node]: RGBD fps=18.60 size=640x480 center=(320,240) depth=invalid XYZ=invalid valid=0/100[0m
[taskset-2] [0m[INFO] [1785190736.526335804] [air_ground_servo_node]: RGBD fps=30.27 size=640x480 center=(320,240) depth=invalid XYZ=invalid valid=0/100[0m
[taskset-2] [0m[INFO] [1785190738.527774838] [air_ground_servo_node]: RGBD fps=29.84 size=640x480 center=(320,240) depth=invalid XYZ=invalid valid=0/100[0m
[taskset-2] [0m[INFO] [1785190740.528647164] [air_ground_servo_node]: RGBD fps=30.00 size=640x480 center=(320,240) depth=invalid XYZ=invalid valid=0/100[0m
[taskset-2] [0m[INFO] [1785190743.062881627] [air_ground_servo_node]: RGBD fps=27.12 size=640x480 center=(320,240) depth=invalid XYZ=invalid valid=0/100[0m
[taskset-2] [0m[INFO] [1785190747.836427107] [air_ground_servo_node]: RGBD fps=27.06 size=640x480 center=(320,240) depth=invalid XYZ=invalid valid=0/100[0m
[taskset-2] [0m[INFO] [1785190749.869374019] [air_ground_servo_node]: RGBD fps=29.98 size=640x480 center=(320,240) depth=invalid XYZ=invalid valid=0/100[0m
[taskset-2] [0m[INFO] [1785190751.896727931] [air_ground_servo_node]: RGBD fps=30.06 size=640x480 center=(320,240) depth=invalid XYZ=invalid valid=0/100[0m
[taskset-2] [0m[INFO] [1785190753.899100591] [air_ground_servo_node]: RGBD fps=30.03 size=640x480 center=(320,240) depth=invalid XYZ=invalid valid=0/100[0m
[taskset-2] [0m[INFO] [1785190755.899591417] [air_ground_servo_node]: RGBD fps=30.07 size=640x480 center=(320,240) depth=invalid XYZ=invalid valid=0/100[0m
[taskset-2] [0m[INFO] [1785190757.902043410] [air_ground_servo_node]: RGBD fps=30.01 size=640x480 center=(320,240) depth=invalid XYZ=invalid valid=0/100[0m
[taskset-2] [0m[INFO] [1785190759.906292361] [air_ground_servo_node]: RGBD fps=30.43 size=640x480 center=(320,240) depth=0.170m XYZ=(-0.001,-0.002,0.170)m valid=32/100[0m
[taskset-2] [0m[INFO] [1785190761.940821274] [air_ground_servo_node]: RGBD fps=29.90 size=640x480 center=(320,240) depth=invalid XYZ=invalid valid=0/100[0m
[taskset-2] [0m[INFO] [1785190763.943494058] [air_ground_servo_node]: RGBD fps=32.56 size=640x480 center=(320,240) depth=0.179m XYZ=(-0.001,-0.003,0.179)m valid=100/100[0m
[taskset-2] [0m[INFO] [1785190765.946528218] [air_ground_servo_node]: RGBD fps=30.04 size=640x480 center=(320,240) depth=0.445m XYZ=(-0.004,-0.006,0.445)m valid=100/100[0m
[taskset-2] [0m[INFO] [1785190767.947074752] [air_ground_servo_node]: RGBD fps=29.99 size=640x480 center=(320,240) depth=0.555m XYZ=(-0.004,-0.008,0.555)m valid=100/100[0m
[taskset-2] [0m[INFO] [1785190769.949612495] [air_ground_servo_node]: RGBD fps=29.78 size=640x480 center=(320,240) depth=0.542m XYZ=(-0.004,-0.008,0.542)m valid=100/100[0m
[taskset-2] [0m[INFO] [1785190771.950697738] [air_ground_servo_node]: RGBD fps=30.01 size=640x480 center=(320,240) depth=0.507m XYZ=(-0.004,-0.007,0.507)m valid=100/100[0m
[taskset-2] [0m[INFO] [1785190773.952144939] [air_ground_servo_node]: RGBD fps=30.01 size=640x480 center=(320,240) depth=0.480m XYZ=(-0.004,-0.007,0.480)m valid=100/100[0m
[taskset-2] [0m[INFO] [1785190775.980877559] [air_ground_servo_node]: RGBD fps=30.09 size=640x480 center=(320,240) depth=invalid XYZ=invalid valid=0/100[0m
[taskset-2] [0m[INFO] [1785190777.982450177] [air_ground_servo_node]: RGBD fps=30.04 size=640x480 center=(320,240) depth=invalid XYZ=invalid valid=0/100[0m
[taskset-2] [0m[INFO] [1785190779.984562378] [air_ground_servo_node]: RGBD fps=30.98 size=640x480 center=(320,240) depth=invalid XYZ=invalid valid=0/100[0m
[taskset-2] [0m[INFO] [1785190781.986168830] [air_ground_servo_node]: RGBD fps=30.02 size=640x480 center=(320,240) depth=invalid XYZ=invalid valid=0/100[0m
[taskset-2] [0m[INFO] [1785190783.986828531] [air_ground_servo_node]: RGBD fps=30.06 size=640x480 center=(320,240) depth=0.163m XYZ=(-0.001,-0.002,0.163)m valid=78/100[0m
[taskset-2] [0m[INFO] [1785190785.997519233] [air_ground_servo_node]: RGBD fps=30.03 size=640x480 center=(320,240) depth=invalid XYZ=invalid valid=0/100[0m
[taskset-2] [0m[INFO] [1785190787.998107184] [air_ground_servo_node]: RGBD fps=30.11 size=640x480 center=(320,240) depth=invalid XYZ=invalid valid=0/100[0m
[taskset-2] [0m[INFO] [1785190790.003390677] [air_ground_servo_node]: RGBD fps=29.87 size=640x480 center=(320,240) depth=invalid XYZ=invalid valid=0/100[0m
[taskset-2] [0m[INFO] [1785190792.035409214] [air_ground_servo_node]: RGBD fps=30.04 size=640x480 center=(320,240) depth=invalid XYZ=invalid valid=0/100[0m
[taskset-2] [0m[INFO] [1785190794.035664957] [air_ground_servo_node]: RGBD fps=30.01 size=640x480 center=(320,240) depth=invalid XYZ=invalid valid=0/100[0m
[taskset-2] [0m[INFO] [1785190796.037954783] [air_ground_servo_node]: RGBD fps=29.87 size=640x480 center=(320,240) depth=invalid XYZ=invalid valid=0/100[0m
[taskset-2] [0m[INFO] [1785190798.064249653] [air_ground_servo_node]: RGBD fps=30.30 size=640x480 center=(320,240) depth=invalid XYZ=invalid valid=0/100[0m
[taskset-2] [0m[INFO] [1785190800.075459814] [air_ground_servo_node]: RGBD fps=29.93 size=640x480 center=(320,240) depth=invalid XYZ=invalid valid=0/100[0m
[taskset-2] [0m[INFO] [1785190802.108018518] [air_ground_servo_node]: RGBD fps=30.13 size=640x480 center=(320,240) depth=invalid XYZ=invalid valid=0/100[0m
[taskset-2] [0m[INFO] [1785190804.111820928] [air_ground_servo_node]: RGBD fps=29.94 size=640x480 center=(320,240) depth=invalid XYZ=invalid valid=0/100[0m
[taskset-2] [0m[INFO] [1785190806.136427923] [air_ground_servo_node]: RGBD fps=30.21 size=640x480 center=(320,240) depth=invalid XYZ=invalid valid=0/100[0m
[taskset-2] [0m[INFO] [1785190808.138889541] [air_ground_servo_node]: RGBD fps=30.25 size=640x480 center=(320,240) depth=invalid XYZ=invalid valid=0/100[0m
[taskset-2] [0m[INFO] [1785190810.148583618] [air_ground_servo_node]: RGBD fps=30.07 size=640x480 center=(320,240) depth=0.282m XYZ=(-0.002,-0.004,0.282)m valid=12/100[0m
[taskset-2] [0m[INFO] [1785190812.149680819] [air_ground_servo_node]: RGBD fps=29.91 size=640x480 center=(320,240) depth=invalid XYZ=invalid valid=0/100[0m
[taskset-2] [0m[INFO] [1785190814.151030311] [air_ground_servo_node]: RGBD fps=29.96 size=640x480 center=(320,240) depth=invalid XYZ=invalid valid=0/100[0m
[taskset-2] [0m[INFO] [1785190816.153605971] [air_ground_servo_node]: RGBD fps=27.94 size=640x480 center=(320,240) depth=invalid XYZ=invalid valid=0/100[0m
[taskset-2] [0m[INFO] [1785190828.215419475] [air_ground_servo_node]: RGBD fps=27.80 size=640x480 center=(320,240) depth=invalid XYZ=invalid valid=0/100[0m
[taskset-2] [0m[INFO] [1785190833.023250958] [air_ground_servo_node]: RGBD fps=18.98 size=640x480 center=(320,240) depth=invalid XYZ=invalid valid=0/100[0m
[taskset-2] [0m[INFO] [1785190835.192144884] [air_ground_servo_node]: RGBD fps=14.31 size=640x480 center=(320,240) depth=invalid XYZ=invalid valid=0/100[0m
[taskset-2] [0m[INFO] [1785190837.863853527] [air_ground_servo_node]: RGBD fps=12.92 size=640x480 center=(320,240) depth=invalid XYZ=invalid valid=0/100[0m
[taskset-2] [0m[INFO] [1785190839.873581146] [air_ground_servo_node]: RGBD fps=18.11 size=640x480 center=(320,240) depth=invalid XYZ=invalid valid=0/100[0m
[taskset-2] [0m[INFO] [1785190841.909126225] [air_ground_servo_node]: RGBD fps=29.29 size=640x480 center=(320,240) depth=invalid XYZ=invalid valid=0/100[0m
[taskset-2] [0m[INFO] [1785190843.941375180] [air_ground_servo_node]: RGBD fps=29.96 size=640x480 center=(320,240) depth=invalid XYZ=invalid valid=0/100[0m
[taskset-2] [0m[INFO] [1785190845.943836797] [air_ground_servo_node]: RGBD fps=30.05 size=640x480 center=(320,240) depth=invalid XYZ=invalid valid=0/100[0m
[taskset-2] [0m[INFO] [1785190847.978928919] [air_ground_servo_node]: RGBD fps=29.99 size=640x480 center=(320,240) depth=invalid XYZ=invalid valid=0/100[0m
[taskset-2] [0m[INFO] [1785190849.979423536] [air_ground_servo_node]: RGBD fps=30.17 size=640x480 center=(320,240) depth=invalid XYZ=invalid valid=0/100[0m
[taskset-2] [0m[INFO] [1785190851.979959862] [air_ground_servo_node]: RGBD fps=30.15 size=640x480 center=(320,240) depth=invalid XYZ=invalid valid=0/100[0m
[taskset-2] [0m[INFO] [1785190854.007704608] [air_ground_servo_node]: RGBD fps=30.83 size=640x480 center=(320,240) depth=invalid XYZ=invalid valid=0/100[0m
[taskset-2] [0m[INFO] [1785190856.040545062] [air_ground_servo_node]: RGBD fps=30.02 size=640x480 center=(320,240) depth=invalid XYZ=invalid valid=0/100[0m
[taskset-2] [0m[INFO] [1785190858.051336097] [air_ground_servo_node]: RGBD fps=29.99 size=640x480 center=(320,240) depth=invalid XYZ=invalid valid=0/100[0m
[taskset-2] [0m[INFO] [1785190860.055967132] [air_ground_servo_node]: RGBD fps=30.00 size=640x480 center=(320,240) depth=invalid XYZ=invalid valid=0/100[0m
[taskset-2] [0m[INFO] [1785190862.087350128] [air_ground_servo_node]: RGBD fps=30.01 size=640x480 center=(320,240) depth=invalid XYZ=invalid valid=0/100[0m
[taskset-2] [0m[INFO] [1785190864.089134496] [air_ground_servo_node]: RGBD fps=30.01 size=640x480 center=(320,240) depth=invalid XYZ=invalid valid=0/100[0m
[taskset-2] [0m[INFO] [1785190866.090602113] [air_ground_servo_node]: RGBD fps=30.07 size=640x480 center=(320,240) depth=invalid XYZ=invalid valid=0/100[0m
[taskset-2] [0m[INFO] [1785190868.127501985] [air_ground_servo_node]: RGBD fps=31.46 size=640x480 center=(320,240) depth=invalid XYZ=invalid valid=0/100[0m
[taskset-2] [0m[INFO] [1785190870.152540355] [air_ground_servo_node]: RGBD fps=29.40 size=640x480 center=(320,240) depth=invalid XYZ=invalid valid=0/100[0m
[taskset-2] [0m[INFO] [1785190872.161607932] [air_ground_servo_node]: RGBD fps=29.79 size=640x480 center=(320,240) depth=invalid XYZ=invalid valid=0/100[0m
[taskset-2] [0m[INFO] [1785190874.187919719] [air_ground_servo_node]: RGBD fps=30.50 size=640x480 center=(320,240) depth=invalid XYZ=invalid valid=0/100[0m
[taskset-2] [0m[INFO] [1785190876.197700421] [air_ground_servo_node]: RGBD fps=29.88 size=640x480 center=(320,240) depth=invalid XYZ=invalid valid=0/100[0m
[taskset-2] [0m[INFO] [1785190878.200677997] [air_ground_servo_node]: RGBD fps=29.92 size=640x480 center=(320,240) depth=invalid XYZ=invalid valid=0/100[0m
[taskset-2] [0m[INFO] [1785190880.232394368] [air_ground_servo_node]: RGBD fps=29.87 size=640x480 center=(320,240) depth=invalid XYZ=invalid valid=0/100[0m
[taskset-2] [0m[INFO] [1785190882.233470860] [air_ground_servo_node]: RGBD fps=30.03 size=640x480 center=(320,240) depth=invalid XYZ=invalid valid=0/100[0m
[taskset-2] [0m[INFO] [1785190884.237579520] [air_ground_servo_node]: RGBD fps=29.90 size=640x480 center=(320,240) depth=invalid XYZ=invalid valid=0/100[0m
[taskset-2] [0m[INFO] [1785190886.269934641] [air_ground_servo_node]: RGBD fps=29.89 size=640x480 center=(320,240) depth=invalid XYZ=invalid valid=0/100[0m
[taskset-2] [0m[INFO] [1785190888.272520509] [air_ground_servo_node]: RGBD fps=30.15 size=640x480 center=(320,240) depth=invalid XYZ=invalid valid=0/100[0m
[taskset-2] [0m[INFO] [1785190890.300107754] [air_ground_servo_node]: RGBD fps=30.20 size=640x480 center=(320,240) depth=invalid XYZ=invalid valid=0/100[0m
[taskset-2] [0m[INFO] [1785190892.310992123] [air_ground_servo_node]: RGBD fps=30.03 size=640x480 center=(320,240) depth=invalid XYZ=invalid valid=0/100[0m
[taskset-2] [0m[INFO] [1785190894.311139074] [air_ground_servo_node]: RGBD fps=29.99 size=640x480 center=(320,240) depth=invalid XYZ=invalid valid=0/100[0m
[taskset-2] [0m[INFO] [1785190896.312758942] [air_ground_servo_node]: RGBD fps=30.05 size=640x480 center=(320,240) depth=invalid XYZ=invalid valid=0/100[0m
[taskset-2] [0m[INFO] [1785190898.314011018] [air_ground_servo_node]: RGBD fps=29.95 size=640x480 center=(320,240) depth=invalid XYZ=invalid valid=0/100[0m
[taskset-2] [0m[INFO] [1785190900.319111928] [air_ground_servo_node]: RGBD fps=28.12 size=640x480 center=(320,240) depth=invalid XYZ=invalid valid=0/100[0m
[taskset-2] [0m[INFO] [1785190907.244457623] [air_ground_servo_node]: RGBD fps=26.74 size=640x480 center=(320,240) depth=invalid XYZ=invalid valid=0/100[0m
[taskset-2] [0m[INFO] [1785190909.404582882] [air_ground_servo_node]: RGBD fps=22.23 size=640x480 center=(320,240) depth=invalid XYZ=invalid valid=0/100[0m
[taskset-2] [0m[INFO] [1785190912.060260941] [air_ground_servo_node]: RGBD fps=20.05 size=640x480 center=(320,240) depth=invalid XYZ=invalid valid=0/100[0m
[taskset-2] [0m[INFO] [1785190920.921625123] [air_ground_servo_node]: RGBD fps=18.05 size=640x480 center=(320,240) depth=invalid XYZ=invalid valid=0/100[0m
[taskset-2] [0m[INFO] [1785190922.985393038] [air_ground_servo_node]: RGBD fps=14.82 size=640x480 center=(320,240) depth=invalid XYZ=invalid valid=0/100[0m
[taskset-2] [0m[INFO] [1785190925.363875736] [air_ground_servo_node]: RGBD fps=25.79 size=640x480 center=(320,240) depth=invalid XYZ=invalid valid=0/100[0m
[taskset-2] [0m[INFO] [1785190927.504513284] [air_ground_servo_node]: RGBD fps=19.20 size=640x480 center=(320,240) depth=invalid XYZ=invalid valid=0/100[0m
[taskset-2] [0m[INFO] [1785190929.536378697] [air_ground_servo_node]: RGBD fps=30.11 size=640x480 center=(320,240) depth=invalid XYZ=invalid valid=0/100[0m
[taskset-2] [0m[INFO] [1785190931.538372189] [air_ground_servo_node]: RGBD fps=30.01 size=640x480 center=(320,240) depth=invalid XYZ=invalid valid=0/100[0m
[taskset-2] [0m[INFO] [1785190933.539608515] [air_ground_servo_node]: RGBD fps=30.17 size=640x480 center=(320,240) depth=invalid XYZ=invalid valid=0/100[0m
[taskset-2] [0m[INFO] [1785190935.540692883] [air_ground_servo_node]: RGBD fps=30.10 size=640x480 center=(320,240) depth=0.172m XYZ=(-0.001,-0.002,0.172)m valid=13/100[0m
[taskset-2] [0m[INFO] [1785190937.542620168] [air_ground_servo_node]: RGBD fps=29.92 size=640x480 center=(320,240) depth=0.172m XYZ=(-0.001,-0.002,0.172)m valid=2/100[0m
[taskset-2] [0m[INFO] [1785190939.544525869] [air_ground_servo_node]: RGBD fps=30.09 size=640x480 center=(320,240) depth=0.173m XYZ=(-0.001,-0.002,0.173)m valid=4/100[0m
[taskset-2] [0m[INFO] [1785190941.546061737] [air_ground_servo_node]: RGBD fps=30.09 size=640x480 center=(320,240) depth=0.172m XYZ=(-0.001,-0.002,0.172)m valid=6/100[0m
[taskset-2] [0m[INFO] [1785190943.547394313] [air_ground_servo_node]: RGBD fps=30.15 size=640x480 center=(320,240) depth=invalid XYZ=invalid valid=0/100[0m
[taskset-2] [0m[INFO] [1785190945.549149514] [air_ground_servo_node]: RGBD fps=28.69 size=640x480 center=(320,240) depth=invalid XYZ=invalid valid=0/100[0m
[taskset-2] [0m[INFO] [1785190947.549985090] [air_ground_servo_node]: RGBD fps=29.95 size=640x480 center=(320,240) depth=invalid XYZ=invalid valid=0/100[0m
[taskset-2] [0m[INFO] [1785190949.551730374] [air_ground_servo_node]: RGBD fps=29.56 size=640x480 center=(320,240) depth=invalid XYZ=invalid valid=0/100[0m
[taskset-2] [0m[INFO] [1785190951.577470495] [air_ground_servo_node]: RGBD fps=29.81 size=640x480 center=(320,240) depth=0.171m XYZ=(-0.001,-0.002,0.171)m valid=7/100[0m
[taskset-2] [0m[INFO] [1785190953.578765154] [air_ground_servo_node]: RGBD fps=30.25 size=640x480 center=(320,240) depth=invalid XYZ=invalid valid=0/100[0m
[taskset-2] [0m[INFO] [1785190955.581111855] [air_ground_servo_node]: RGBD fps=30.01 size=640x480 center=(320,240) depth=invalid XYZ=invalid valid=0/100[0m
[taskset-2] [0m[INFO] [1785190957.582210223] [air_ground_servo_node]: RGBD fps=30.05 size=640x480 center=(320,240) depth=0.170m XYZ=(-0.001,-0.002,0.170)m valid=96/100[0m
[taskset-2] [0m[INFO] [1785190959.584234632] [air_ground_servo_node]: RGBD fps=30.02 size=640x480 center=(320,240) depth=0.171m XYZ=(-0.001,-0.002,0.171)m valid=66/100[0m
[taskset-2] [0m[INFO] [1785190961.593159293] [air_ground_servo_node]: RGBD fps=30.03 size=640x480 center=(320,240) depth=0.172m XYZ=(-0.001,-0.002,0.172)m valid=96/100[0m
[taskset-2] [0m[INFO] [1785190963.595412660] [air_ground_servo_node]: RGBD fps=30.02 size=640x480 center=(320,240) depth=0.172m XYZ=(-0.001,-0.002,0.172)m valid=82/100[0m
[taskset-2] [0m[INFO] [1785190965.597247195] [air_ground_servo_node]: RGBD fps=30.05 size=640x480 center=(320,240) depth=0.172m XYZ=(-0.001,-0.002,0.172)m valid=96/100[0m
[taskset-2] [0m[INFO] [1785190967.623583773] [air_ground_servo_node]: RGBD fps=30.03 size=640x480 center=(320,240) depth=0.170m XYZ=(-0.001,-0.002,0.170)m valid=12/100[0m
[taskset-2] [0m[INFO] [1785190969.632542850] [air_ground_servo_node]: RGBD fps=30.02 size=640x480 center=(320,240) depth=invalid XYZ=invalid valid=0/100[0m
[taskset-2] [0m[INFO] [1785190971.669396638] [air_ground_servo_node]: RGBD fps=27.87 size=640x480 center=(320,240) depth=0.171m XYZ=(-0.001,-0.002,0.171)m valid=3/100[0m
[taskset-2] [0m[INFO] [1785190982.403227467] [air_ground_servo_node]: RGBD fps=26.90 size=640x480 center=(320,240) depth=invalid XYZ=invalid valid=0/100[0m
[taskset-2] [0m[INFO] [1785190985.157692744] [air_ground_servo_node]: RGBD fps=24.25 size=640x480 center=(320,240) depth=0.170m XYZ=(-0.001,-0.002,0.170)m valid=96/100[0m
[taskset-2] [0m[INFO] [1785190987.205500366] [air_ground_servo_node]: RGBD fps=21.87 size=640x480 center=(320,240) depth=0.170m XYZ=(-0.001,-0.002,0.170)m valid=99/100[0m
[taskset-2] [0m[INFO] [1785190989.996704855] [air_ground_servo_node]: RGBD fps=19.72 size=640x480 center=(320,240) depth=0.170m XYZ=(-0.001,-0.002,0.170)m valid=4/100[0m
[taskset-2] [0m[INFO] [1785190992.683922875] [air_ground_servo_node]: RGBD fps=58.89 size=640x480 center=(320,240) depth=invalid XYZ=invalid valid=0/100[0m
[taskset-2] [0m[INFO] [1785190996.294657113] [air_ground_servo_node]: RGBD fps=53.03 size=640x480 center=(320,240) depth=0.171m XYZ=(-0.001,-0.002,0.171)m valid=95/100[0m
[taskset-2] [0m[INFO] [1785190998.320574566] [air_ground_servo_node]: RGBD fps=30.90 size=640x480 center=(320,240) depth=0.171m XYZ=(-0.001,-0.002,0.171)m valid=80/100[0m
[taskset-2] [0m[INFO] [1785191000.347236353] [air_ground_servo_node]: RGBD fps=32.68 size=640x480 center=(320,240) depth=0.171m XYZ=(-0.001,-0.002,0.171)m valid=96/100[0m
[taskset-2] [0m[INFO] [1785191002.356514805] [air_ground_servo_node]: RGBD fps=30.06 size=640x480 center=(320,240) depth=0.171m XYZ=(-0.001,-0.002,0.171)m valid=73/100[0m
[taskset-2] [0m[INFO] [1785191004.359159298] [air_ground_servo_node]: RGBD fps=30.00 size=640x480 center=(320,240) depth=0.171m XYZ=(-0.001,-0.002,0.171)m valid=65/100[0m
[taskset-2] [0m[INFO] [1785191006.359578666] [air_ground_servo_node]: RGBD fps=29.92 size=640x480 center=(320,240) depth=0.171m XYZ=(-0.001,-0.002,0.171)m valid=5/100[0m
[taskset-2] [0m[INFO] [1785191009.815008263] [air_ground_servo_node]: RGBD fps=27.14 size=640x480 center=(320,240) depth=0.171m XYZ=(-0.001,-0.002,0.171)m valid=63/100[0m
[taskset-2] [0m[INFO] [1785191011.830480257] [air_ground_servo_node]: RGBD fps=29.84 size=640x480 center=(320,240) depth=0.171m XYZ=(-0.001,-0.002,0.171)m valid=68/100[0m
[taskset-2] [0m[INFO] [1785191014.250500958] [air_ground_servo_node]: RGBD fps=24.54 size=640x480 center=(320,240) depth=0.171m XYZ=(-0.001,-0.002,0.171)m valid=45/100[0m
[taskset-2] [0m[INFO] [1785191016.269598078] [air_ground_servo_node]: RGBD fps=29.87 size=640x480 center=(320,240) depth=0.171m XYZ=(-0.001,-0.002,0.171)m valid=9/100[0m
[taskset-2] [0m[INFO] [1785191018.639686024] [air_ground_servo_node]: RGBD fps=20.57 size=640x480 center=(320,240) depth=0.171m XYZ=(-0.001,-0.002,0.171)m valid=48/100[0m
[taskset-2] [0m[INFO] [1785191020.662524353] [air_ground_servo_node]: RGBD fps=24.44 size=640x480 center=(320,240) depth=0.171m XYZ=(-0.001,-0.002,0.171)m valid=2/100[0m
[taskset-2] [0m[INFO] [1785191022.672084263] [air_ground_servo_node]: RGBD fps=29.44 size=640x480 center=(320,240) depth=invalid XYZ=invalid valid=0/100[0m
[taskset-2] [0m[INFO] [1785191024.672979339] [air_ground_servo_node]: RGBD fps=30.08 size=640x480 center=(320,240) depth=invalid XYZ=invalid valid=0/100[0m
[taskset-2] [0m[INFO] [1785191026.675573082] [air_ground_servo_node]: RGBD fps=29.95 size=640x480 center=(320,240) depth=invalid XYZ=invalid valid=0/100[0m
[taskset-2] [0m[INFO] [1785191028.701449410] [air_ground_servo_node]: RGBD fps=30.02 size=640x480 center=(320,240) depth=invalid XYZ=invalid valid=0/100[0m
[taskset-2] [0m[INFO] [1785191030.711736154] [air_ground_servo_node]: RGBD fps=29.99 size=640x480 center=(320,240) depth=invalid XYZ=invalid valid=0/100[0m
[taskset-2] [0m[INFO] [1785191032.711950188] [air_ground_servo_node]: RGBD fps=30.07 size=640x480 center=(320,240) depth=invalid XYZ=invalid valid=0/100[0m
[taskset-2] [0m[INFO] [1785191034.717541098] [air_ground_servo_node]: RGBD fps=29.84 size=640x480 center=(320,240) depth=invalid XYZ=invalid valid=0/100[0m
[taskset-2] [0m[INFO] [1785191036.748555136] [air_ground_servo_node]: RGBD fps=30.06 size=640x480 center=(320,240) depth=0.170m XYZ=(-0.001,-0.002,0.170)m valid=91/100[0m
[taskset-2] [0m[INFO] [1785191038.750774670] [air_ground_servo_node]: RGBD fps=30.00 size=640x480 center=(320,240) depth=0.170m XYZ=(-0.001,-0.002,0.170)m valid=90/100[0m
[taskset-2] [0m[INFO] [1785191040.753762455] [air_ground_servo_node]: RGBD fps=29.95 size=640x480 center=(320,240) depth=0.170m XYZ=(-0.001,-0.002,0.170)m valid=70/100[0m
[taskset-2] [0m[INFO] [1785191042.778994783] [air_ground_servo_node]: RGBD fps=30.02 size=640x480 center=(320,240) depth=0.169m XYZ=(-0.001,-0.002,0.169)m valid=54/100[0m
[taskset-2] [0m[INFO] [1785191044.789205402] [air_ground_servo_node]: RGBD fps=30.02 size=640x480 center=(320,240) depth=0.170m XYZ=(-0.001,-0.002,0.170)m valid=75/100[0m
[taskset-2] [0m[INFO] [1785191046.789510728] [air_ground_servo_node]: RGBD fps=30.07 size=640x480 center=(320,240) depth=0.170m XYZ=(-0.001,-0.002,0.170)m valid=46/100[0m
[taskset-2] [0m[INFO] [1785191048.792322054] [air_ground_servo_node]: RGBD fps=29.99 size=640x480 center=(320,240) depth=0.170m XYZ=(-0.001,-0.002,0.170)m valid=66/100[0m
[taskset-2] [0m[INFO] [1785191050.826795842] [air_ground_servo_node]: RGBD fps=29.97 size=640x480 center=(320,240) depth=0.170m XYZ=(-0.001,-0.002,0.170)m valid=74/100[0m
[taskset-2] [0m[INFO] [1785191052.852107212] [air_ground_servo_node]: RGBD fps=30.05 size=640x480 center=(320,240) depth=0.170m XYZ=(-0.001,-0.002,0.170)m valid=84/100[0m
[taskset-2] [0m[INFO] [1785191054.858159247] [air_ground_servo_node]: RGBD fps=29.83 size=640x480 center=(320,240) depth=0.170m XYZ=(-0.001,-0.002,0.170)m valid=56/100[0m
[taskset-2] [0m[INFO] [1785191056.863699990] [air_ground_servo_node]: RGBD fps=29.97 size=640x480 center=(320,240) depth=0.170m XYZ=(-0.001,-0.002,0.170)m valid=76/100[0m
[taskset-2] [0m[INFO] [1785191058.890750860] [air_ground_servo_node]: RGBD fps=30.50 size=640x480 center=(320,240) depth=0.170m XYZ=(-0.001,-0.002,0.170)m valid=74/100[0m
[taskset-2] [0m[INFO] [1785191060.893032228] [air_ground_servo_node]: RGBD fps=30.63 size=640x480 center=(320,240) depth=0.170m XYZ=(-0.001,-0.002,0.170)m valid=89/100[0m
[taskset-2] [0m[INFO] [1785191062.943490518] [air_ground_servo_node]: RGBD fps=17.56 size=640x480 center=(320,240) depth=0.170m XYZ=(-0.001,-0.002,0.170)m valid=63/100[0m
[taskset-2] [0m[INFO] [1785191065.272141960] [air_ground_servo_node]: RGBD fps=13.15 size=640x480 center=(320,240) depth=0.170m XYZ=(-0.001,-0.002,0.170)m valid=79/100[0m
[taskset-2] [0m[INFO] [1785191067.296665830] [air_ground_servo_node]: RGBD fps=30.10 size=640x480 center=(320,240) depth=0.170m XYZ=(-0.001,-0.002,0.170)m valid=27/100[0m
[taskset-2] [0m[INFO] [1785191069.310400949] [air_ground_servo_node]: RGBD fps=29.83 size=640x480 center=(320,240) depth=0.170m XYZ=(-0.001,-0.002,0.170)m valid=57/100[0m
[taskset-2] [0m[INFO] [1785191071.340948611] [air_ground_servo_node]: RGBD fps=30.03 size=640x480 center=(320,240) depth=0.171m XYZ=(-0.001,-0.002,0.171)m valid=80/100[0m
[taskset-2] [0m[INFO] [1785191073.342908854] [air_ground_servo_node]: RGBD fps=30.08 size=640x480 center=(320,240) depth=0.170m XYZ=(-0.001,-0.002,0.170)m valid=82/100[0m
[taskset-2] [0m[INFO] [1785191075.370127433] [air_ground_servo_node]: RGBD fps=29.75 size=640x480 center=(320,240) depth=0.170m XYZ=(-0.001,-0.002,0.170)m valid=32/100[0m
[taskset-2] [0m[INFO] [1785191077.380065051] [air_ground_servo_node]: RGBD fps=29.48 size=640x480 center=(320,240) depth=0.170m XYZ=(-0.001,-0.002,0.170)m valid=79/100[0m
[taskset-2] [0m[INFO] [1785191079.381015544] [air_ground_servo_node]: RGBD fps=29.99 size=640x480 center=(320,240) depth=0.170m XYZ=(-0.001,-0.002,0.170)m valid=22/100[0m
[taskset-2] [0m[INFO] [1785191081.381588329] [air_ground_servo_node]: RGBD fps=29.98 size=640x480 center=(320,240) depth=0.170m XYZ=(-0.001,-0.002,0.170)m valid=86/100[0m
[taskset-2] [0m[INFO] [1785191083.384274530] [air_ground_servo_node]: RGBD fps=30.08 size=640x480 center=(320,240) depth=0.170m XYZ=(-0.001,-0.002,0.170)m valid=32/100[0m
[taskset-2] [0m[INFO] [1785191085.386056273] [air_ground_servo_node]: RGBD fps=30.00 size=640x480 center=(320,240) depth=0.170m XYZ=(-0.001,-0.002,0.170)m valid=15/100[0m
[taskset-2] [0m[INFO] [1785191087.386280515] [air_ground_servo_node]: RGBD fps=30.09 size=640x480 center=(320,240) depth=0.170m XYZ=(-0.001,-0.002,0.170)m valid=89/100[0m
[taskset-2] [0m[INFO] [1785191089.388253883] [air_ground_servo_node]: RGBD fps=30.01 size=640x480 center=(320,240) depth=0.171m XYZ=(-0.001,-0.002,0.171)m valid=76/100[0m
[taskset-2] [0m[INFO] [1785191091.388849709] [air_ground_servo_node]: RGBD fps=30.03 size=640x480 center=(320,240) depth=0.170m XYZ=(-0.001,-0.002,0.170)m valid=61/100[0m
[taskset-2] [0m[INFO] [1785191093.390446535] [air_ground_servo_node]: RGBD fps=30.05 size=640x480 center=(320,240) depth=0.170m XYZ=(-0.001,-0.002,0.170)m valid=63/100[0m
[taskset-2] [0m[INFO] [1785191095.417513739] [air_ground_servo_node]: RGBD fps=30.92 size=640x480 center=(320,240) depth=0.170m XYZ=(-0.001,-0.002,0.170)m valid=22/100[0m
[taskset-2] [0m[INFO] [1785191097.428516816] [air_ground_servo_node]: RGBD fps=29.93 size=640x480 center=(320,240) depth=0.170m XYZ=(-0.001,-0.002,0.170)m valid=58/100[0m
[taskset-2] [0m[INFO] [1785191099.428534267] [air_ground_servo_node]: RGBD fps=30.01 size=640x480 center=(320,240) depth=invalid XYZ=invalid valid=0/100[0m
[taskset-2] [0m[INFO] [1785191101.455104179] [air_ground_servo_node]: RGBD fps=30.11 size=640x480 center=(320,240) depth=0.170m XYZ=(-0.001,-0.002,0.170)m valid=35/100[0m
[taskset-2] [0m[INFO] [1785191103.456825255] [air_ground_servo_node]: RGBD fps=29.93 size=640x480 center=(320,240) depth=invalid XYZ=invalid valid=0/100[0m
[taskset-2] [0m[INFO] [1785191105.469129749] [air_ground_servo_node]: RGBD fps=29.10 size=640x480 center=(320,240) depth=0.171m XYZ=(-0.001,-0.002,0.171)m valid=81/100[0m
[taskset-2] [0m[INFO] [1785191107.503837745] [air_ground_servo_node]: RGBD fps=29.91 size=640x480 center=(320,240) depth=invalid XYZ=invalid valid=0/100[0m
[taskset-2] [0m[INFO] [1785191109.537172574] [air_ground_servo_node]: RGBD fps=29.93 size=640x480 center=(320,240) depth=invalid XYZ=invalid valid=0/100[0m
[taskset-2] [0m[INFO] [1785191111.562812361] [air_ground_servo_node]: RGBD fps=30.03 size=640x480 center=(320,240) depth=invalid XYZ=invalid valid=0/100[0m
[taskset-2] [0m[INFO] [1785191113.572419521] [air_ground_servo_node]: RGBD fps=30.05 size=640x480 center=(320,240) depth=0.170m XYZ=(-0.001,-0.002,0.170)m valid=4/100[0m
[taskset-2] [0m[INFO] [1785191115.600324975] [air_ground_servo_node]: RGBD fps=29.61 size=640x480 center=(320,240) depth=0.170m XYZ=(-0.001,-0.002,0.170)m valid=12/100[0m
[taskset-2] [0m[INFO] [1785191117.633455929] [air_ground_servo_node]: RGBD fps=29.97 size=640x480 center=(320,240) depth=invalid XYZ=invalid valid=0/100[0m
[taskset-2] [0m[INFO] [1785191119.634282172] [air_ground_servo_node]: RGBD fps=29.99 size=640x480 center=(320,240) depth=invalid XYZ=invalid valid=0/100[0m
[taskset-2] [0m[INFO] [1785191121.636318248] [air_ground_servo_node]: RGBD fps=30.01 size=640x480 center=(320,240) depth=invalid XYZ=invalid valid=0/100[0m
[taskset-2] [0m[INFO] [1785191123.647132909] [air_ground_servo_node]: RGBD fps=30.06 size=640x480 center=(320,240) depth=invalid XYZ=invalid valid=0/100[0m
[taskset-2] [0m[INFO] [1785191125.647585235] [air_ground_servo_node]: RGBD fps=30.07 size=640x480 center=(320,240) depth=invalid XYZ=invalid valid=0/100[0m
[taskset-2] [0m[INFO] [1785191127.676433063] [air_ground_servo_node]: RGBD fps=30.19 size=640x480 center=(320,240) depth=invalid XYZ=invalid valid=0/100[0m
[taskset-2] [0m[INFO] [1785191129.719781394] [air_ground_servo_node]: RGBD fps=25.87 size=640x480 center=(320,240) depth=invalid XYZ=invalid valid=0/100[0m
[taskset-2] [0m[INFO] [1785191131.752269223] [air_ground_servo_node]: RGBD fps=29.83 size=640x480 center=(320,240) depth=invalid XYZ=invalid valid=0/100[0m
[taskset-2] [0m[INFO] [1785191133.778335427] [air_ground_servo_node]: RGBD fps=30.80 size=640x480 center=(320,240) depth=invalid XYZ=invalid valid=0/100[0m
[taskset-2] [0m[INFO] [1785191135.788279753] [air_ground_servo_node]: RGBD fps=29.85 size=640x480 center=(320,240) depth=invalid XYZ=invalid valid=0/100[0m
[taskset-2] [0m[INFO] [1785191137.815297374] [air_ground_servo_node]: RGBD fps=30.14 size=640x480 center=(320,240) depth=invalid XYZ=invalid valid=0/100[0m
[taskset-2] [0m[INFO] [1785191139.849403953] [air_ground_servo_node]: RGBD fps=28.53 size=640x480 center=(320,240) depth=invalid XYZ=invalid valid=0/100[0m
[taskset-2] [0m[INFO] [1785191141.861353489] [air_ground_servo_node]: RGBD fps=29.82 size=640x480 center=(320,240) depth=invalid XYZ=invalid valid=0/100[0m
[taskset-2] [0m[INFO] [1785191143.894125985] [air_ground_servo_node]: RGBD fps=30.00 size=640x480 center=(320,240) depth=invalid XYZ=invalid valid=0/100[0m
[taskset-2] [0m[INFO] [1785191145.895645227] [air_ground_servo_node]: RGBD fps=29.99 size=640x480 center=(320,240) depth=invalid XYZ=invalid valid=0/100[0m
[taskset-2] [0m[INFO] [1785191147.896999678] [air_ground_servo_node]: RGBD fps=30.02 size=640x480 center=(320,240) depth=invalid XYZ=invalid valid=0/100[0m
[taskset-2] [0m[INFO] [1785191149.924003882] [air_ground_servo_node]: RGBD fps=30.96 size=640x480 center=(320,240) depth=invalid XYZ=invalid valid=0/100[0m
[taskset-2] [0m[INFO] [1785191151.929393542] [air_ground_servo_node]: RGBD fps=26.49 size=640x480 center=(320,240) depth=0.171m XYZ=(-0.001,-0.002,0.171)m valid=32/100[0m
[taskset-2] [0m[INFO] [1785191154.264762652] [air_ground_servo_node]: RGBD fps=25.96 size=640x480 center=(320,240) depth=0.172m XYZ=(-0.001,-0.002,0.172)m valid=43/100[0m
[taskset-2] [0m[INFO] [1785191159.101557221] [air_ground_servo_node]: RGBD fps=23.38 size=640x480 center=(320,240) depth=invalid XYZ=invalid valid=0/100[0m
[taskset-2] [0m[INFO] [1785191161.132634258] [air_ground_servo_node]: RGBD fps=23.47 size=640x480 center=(320,240) depth=invalid XYZ=invalid valid=0/100[0m
[taskset-2] [0m[INFO] [1785191163.135464251] [air_ground_servo_node]: RGBD fps=29.79 size=640x480 center=(320,240) depth=0.170m XYZ=(-0.001,-0.002,0.170)m valid=64/100[0m
[taskset-2] [0m[INFO] [1785191165.170833164] [air_ground_servo_node]: RGBD fps=29.81 size=640x480 center=(320,240) depth=0.170m XYZ=(-0.001,-0.002,0.170)m valid=30/100[0m
[taskset-2] [0m[INFO] [1785191167.203535077] [air_ground_servo_node]: RGBD fps=29.05 size=640x480 center=(320,240) depth=0.169m XYZ=(-0.001,-0.002,0.169)m valid=34/100[0m
[taskset-2] [0m[INFO] [1785191169.204330403] [air_ground_servo_node]: RGBD fps=29.98 size=640x480 center=(320,240) depth=0.170m XYZ=(-0.001,-0.002,0.170)m valid=50/100[0m
[taskset-2] [0m[INFO] [1785191171.205763020] [air_ground_servo_node]: RGBD fps=30.06 size=640x480 center=(320,240) depth=invalid XYZ=invalid valid=0/100[0m
[taskset-2] [0m[INFO] [1785191173.208214722] [air_ground_servo_node]: RGBD fps=29.87 size=640x480 center=(320,240) depth=0.170m XYZ=(-0.001,-0.002,0.170)m valid=80/100[0m
[taskset-2] [0m[INFO] [1785191175.218551924] [air_ground_servo_node]: RGBD fps=30.01 size=640x480 center=(320,240) depth=0.170m XYZ=(-0.001,-0.002,0.170)m valid=13/100[0m
[taskset-2] [0m[INFO] [1785191177.220828916] [air_ground_servo_node]: RGBD fps=29.93 size=640x480 center=(320,240) depth=0.171m XYZ=(-0.001,-0.002,0.171)m valid=74/100[0m
[taskset-2] [0m[INFO] [1785191179.254393579] [air_ground_servo_node]: RGBD fps=30.01 size=640x480 center=(320,240) depth=0.171m XYZ=(-0.001,-0.002,0.171)m valid=83/100[0m
[taskset-2] [0m[INFO] [1785191181.280145949] [air_ground_servo_node]: RGBD fps=30.00 size=640x480 center=(320,240) depth=0.171m XYZ=(-0.001,-0.002,0.171)m valid=87/100[0m
[taskset-2] [0m[INFO] [1785191183.289913235] [air_ground_servo_node]: RGBD fps=30.06 size=640x480 center=(320,240) depth=0.171m XYZ=(-0.001,-0.002,0.171)m valid=94/100[0m
[taskset-2] [0m[INFO] [1785191185.320950022] [air_ground_servo_node]: RGBD fps=29.73 size=640x480 center=(320,240) depth=0.171m XYZ=(-0.001,-0.002,0.171)m valid=88/100[0m
[taskset-2] [0m[INFO] [1785191187.326946057] [air_ground_servo_node]: RGBD fps=29.36 size=640x480 center=(320,240) depth=0.171m XYZ=(-0.001,-0.002,0.171)m valid=97/100[0m
[taskset-2] [0m[INFO] [1785191189.328477841] [air_ground_servo_node]: RGBD fps=30.09 size=640x480 center=(320,240) depth=0.171m XYZ=(-0.001,-0.002,0.171)m valid=95/100[0m
[taskset-2] [0m[INFO] [1785191191.329965584] [air_ground_servo_node]: RGBD fps=30.00 size=640x480 center=(320,240) depth=0.171m XYZ=(-0.001,-0.002,0.171)m valid=57/100[0m
[taskset-2] [0m[INFO] [1785191193.332026160] [air_ground_servo_node]: RGBD fps=29.14 size=640x480 center=(320,240) depth=invalid XYZ=invalid valid=0/100[0m
[taskset-2] [0m[INFO] [1785191195.333422320] [air_ground_servo_node]: RGBD fps=30.07 size=640x480 center=(320,240) depth=0.170m XYZ=(-0.001,-0.002,0.170)m valid=48/100[0m
[taskset-2] [0m[INFO] [1785191198.099908056] [air_ground_servo_node]: RGBD fps=27.11 size=640x480 center=(320,240) depth=0.169m XYZ=(-0.001,-0.002,0.169)m valid=18/100[0m
[realsense2_camera_node-1]  28/07 06:26:39,319 ERROR [547290634464] (rs.cpp:283) [rs2_allocate_synthetic_video_frame( source:0x7f70144cb0, new_stream:[ C RGB8 0 640x480 @ 30 ], original:0x7f6c881048, new_bpp:3, new_width:640, new_height:480, new_stride:1920, frame_type:Video Frame ) Wrong Api Call Sequence] Out of frame resources!
[realsense2_camera_node-1]  28/07 06:26:39,319 ERROR [547290634464] (synthetic-stream.cpp:59) Exception was thrown during callback: Out of frame resources!
[realsense2_camera_node-1]  28/07 06:26:39,351 ERROR [547290634464] (rs.cpp:283) [rs2_allocate_synthetic_video_frame( source:0x7f70144cb0, new_stream:[ C RGB8 0 640x480 @ 30 ], original:0x7f6c881048, new_bpp:3, new_width:640, new_height:480, new_stride:1920, frame_type:Video Frame ) Wrong Api Call Sequence] Out of frame resources!
[realsense2_camera_node-1]  28/07 06:26:39,351 ERROR [547290634464] (synthetic-stream.cpp:59) Exception was thrown during callback: Out of frame resources!
[realsense2_camera_node-1]  28/07 06:26:39,384 ERROR [547290634464] (rs.cpp:283) [rs2_allocate_synthetic_video_frame( source:0x7f70144cb0, new_stream:[ C RGB8 0 640x480 @ 30 ], original:0x7f6c881048, new_bpp:3, new_width:640, new_height:480, new_stride:1920, frame_type:Video Frame ) Wrong Api Call Sequence] Out of frame resources!
[realsense2_camera_node-1]  28/07 06:26:39,384 ERROR [547290634464] (synthetic-stream.cpp:59) Exception was thrown during callback: Out of frame resources!
[realsense2_camera_node-1]  28/07 06:26:39,418 ERROR [547290634464] (rs.cpp:283) [rs2_allocate_synthetic_video_frame( source:0x7f70144cb0, new_stream:[ C RGB8 0 640x480 @ 30 ], original:0x7f6c881048, new_bpp:3, new_width:640, new_height:480, new_stride:1920, frame_type:Video Frame ) Wrong Api Call Sequence] Out of frame resources!
[realsense2_camera_node-1]  28/07 06:26:39,418 ERROR [547290634464] (synthetic-stream.cpp:59) Exception was thrown during callback: Out of frame resources!
[realsense2_camera_node-1]  28/07 06:26:39,451 ERROR [547290634464] (rs.cpp:283) [rs2_allocate_synthetic_video_frame( source:0x7f70144cb0, new_stream:[ C RGB8 0 640x480 @ 30 ], original:0x7f6c881048, new_bpp:3, new_width:640, new_height:480, new_stride:1920, frame_type:Video Frame ) Wrong Api Call Sequence] Out of frame resources!
[realsense2_camera_node-1]  28/07 06:26:39,451 ERROR [547290634464] (synthetic-stream.cpp:59) Exception was thrown during callback: Out of frame resources!
[realsense2_camera_node-1]  28/07 06:26:39,484 ERROR [547290634464] (rs.cpp:283) [rs2_allocate_synthetic_video_frame( source:0x7f70144cb0, new_stream:[ C RGB8 0 640x480 @ 30 ], original:0x7f6c881048, new_bpp:3, new_width:640, new_height:480, new_stride:1920, frame_type:Video Frame ) Wrong Api Call Sequence] Out of frame resources!
[realsense2_camera_node-1]  28/07 06:26:39,484 ERROR [547290634464] (synthetic-stream.cpp:59) Exception was thrown during callback: Out of frame resources!
[realsense2_camera_node-1]  28/07 06:26:39,518 ERROR [547290634464] (rs.cpp:283) [rs2_allocate_synthetic_video_frame( source:0x7f70144cb0, new_stream:[ C RGB8 0 640x480 @ 30 ], original:0x7f6c881048, new_bpp:3, new_width:640, new_height:480, new_stride:1920, frame_type:Video Frame ) Wrong Api Call Sequence] Out of frame resources!
[realsense2_camera_node-1]  28/07 06:26:39,518 ERROR [547290634464] (synthetic-stream.cpp:59) Exception was thrown during callback: Out of frame resources!
[realsense2_camera_node-1]  28/07 06:26:39,551 ERROR [547290634464] (rs.cpp:283) [rs2_allocate_synthetic_video_frame( source:0x7f70144cb0, new_stream:[ C RGB8 0 640x480 @ 30 ], original:0x7f6c881048, new_bpp:3, new_width:640, new_height:480, new_stride:1920, frame_type:Video Frame ) Wrong Api Call Sequence] Out of frame resources!
[realsense2_camera_node-1]  28/07 06:26:39,551 ERROR [547290634464] (synthetic-stream.cpp:59) Exception was thrown during callback: Out of frame resources!
[realsense2_camera_node-1]  28/07 06:26:39,584 ERROR [547290634464] (rs.cpp:283) [rs2_allocate_synthetic_video_frame( source:0x7f70144cb0, new_stream:[ C RGB8 0 640x480 @ 30 ], original:0x7f6c881048, new_bpp:3, new_width:640, new_height:480, new_stride:1920, frame_type:Video Frame ) Wrong Api Call Sequence] Out of frame resources!
[realsense2_camera_node-1]  28/07 06:26:39,585 ERROR [547290634464] (synthetic-stream.cpp:59) Exception was thrown during callback: Out of frame resources!
[realsense2_camera_node-1]  28/07 06:26:39,618 ERROR [547290634464] (rs.cpp:283) [rs2_allocate_synthetic_video_frame( source:0x7f70144cb0, new_stream:[ C RGB8 0 640x480 @ 30 ], original:0x7f6c881048, new_bpp:3, new_width:640, new_height:480, new_stride:1920, frame_type:Video Frame ) Wrong Api Call Sequence] Out of frame resources!
[realsense2_camera_node-1]  28/07 06:26:39,618 ERROR [547290634464] (synthetic-stream.cpp:59) Exception was thrown during callback: Out of frame resources!
[realsense2_camera_node-1]  28/07 06:26:39,651 ERROR [547290634464] (rs.cpp:283) [rs2_allocate_synthetic_video_frame( source:0x7f70144cb0, new_stream:[ C RGB8 0 640x480 @ 30 ], original:0x7f6c881048, new_bpp:3, new_width:640, new_height:480, new_stride:1920, frame_type:Video Frame ) Wrong Api Call Sequence] Out of frame resources!
[realsense2_camera_node-1]  28/07 06:26:39,651 ERROR [547290634464] (synthetic-stream.cpp:59) Exception was thrown during callback: Out of frame resources!
[realsense2_camera_node-1]  28/07 06:26:39,684 ERROR [547290634464] (rs.cpp:283) [rs2_allocate_synthetic_video_frame( source:0x7f70144cb0, new_stream:[ C RGB8 0 640x480 @ 30 ], original:0x7f6c881048, new_bpp:3, new_width:640, new_height:480, new_stride:1920, frame_type:Video Frame ) Wrong Api Call Sequence] Out of frame resources!
[realsense2_camera_node-1]  28/07 06:26:39,685 ERROR [547290634464] (synthetic-stream.cpp:59) Exception was thrown during callback: Out of frame resources!
[realsense2_camera_node-1]  28/07 06:26:39,718 ERROR [547290634464] (rs.cpp:283) [rs2_allocate_synthetic_video_frame( source:0x7f70144cb0, new_stream:[ C RGB8 0 640x480 @ 30 ], original:0x7f6c881048, new_bpp:3, new_width:640, new_height:480, new_stride:1920, frame_type:Video Frame ) Wrong Api Call Sequence] Out of frame resources!
[realsense2_camera_node-1]  28/07 06:26:39,718 ERROR [547290634464] (synthetic-stream.cpp:59) Exception was thrown during callback: Out of frame resources!
[realsense2_camera_node-1]  28/07 06:26:39,751 ERROR [547290634464] (rs.cpp:283) [rs2_allocate_synthetic_video_frame( source:0x7f70144cb0, new_stream:[ C RGB8 0 640x480 @ 30 ], original:0x7f6c881048, new_bpp:3, new_width:640, new_height:480, new_stride:1920, frame_type:Video Frame ) Wrong Api Call Sequence] Out of frame resources!
[realsense2_camera_node-1]  28/07 06:26:39,751 ERROR [547290634464] (synthetic-stream.cpp:59) Exception was thrown during callback: Out of frame resources!
[realsense2_camera_node-1]  28/07 06:26:39,785 ERROR [547290634464] (rs.cpp:283) [rs2_allocate_synthetic_video_frame( source:0x7f70144cb0, new_stream:[ C RGB8 0 640x480 @ 30 ], original:0x7f6c881048, new_bpp:3, new_width:640, new_height:480, new_stride:1920, frame_type:Video Frame ) Wrong Api Call Sequence] Out of frame resources!
[realsense2_camera_node-1]  28/07 06:26:39,785 ERROR [547290634464] (synthetic-stream.cpp:59) Exception was thrown during callback: Out of frame resources!
[realsense2_camera_node-1]  28/07 06:26:39,818 ERROR [547290634464] (rs.cpp:283) [rs2_allocate_synthetic_video_frame( source:0x7f70144cb0, new_stream:[ C RGB8 0 640x480 @ 30 ], original:0x7f6c881048, new_bpp:3, new_width:640, new_height:480, new_stride:1920, frame_type:Video Frame ) Wrong Api Call Sequence] Out of frame resources!
[realsense2_camera_node-1]  28/07 06:26:39,818 ERROR [547290634464] (synthetic-stream.cpp:59) Exception was thrown during callback: Out of frame resources!
[realsense2_camera_node-1]  28/07 06:26:39,851 ERROR [547290634464] (rs.cpp:283) [rs2_allocate_synthetic_video_frame( source:0x7f70144cb0, new_stream:[ C RGB8 0 640x480 @ 30 ], original:0x7f6c881048, new_bpp:3, new_width:640, new_height:480, new_stride:1920, frame_type:Video Frame ) Wrong Api Call Sequence] Out of frame resources!
[realsense2_camera_node-1]  28/07 06:26:39,851 ERROR [547290634464] (synthetic-stream.cpp:59) Exception was thrown during callback: Out of frame resources!
[realsense2_camera_node-1]  28/07 06:26:39,885 ERROR [547290634464] (rs.cpp:283) [rs2_allocate_synthetic_video_frame( source:0x7f70144cb0, new_stream:[ C RGB8 0 640x480 @ 30 ], original:0x7f6c881048, new_bpp:3, new_width:640, new_height:480, new_stride:1920, frame_type:Video Frame ) Wrong Api Call Sequence] Out of frame resources!
[realsense2_camera_node-1]  28/07 06:26:39,885 ERROR [547290634464] (synthetic-stream.cpp:59) Exception was thrown during callback: Out of frame resources!
[realsense2_camera_node-1]  28/07 06:26:39,918 ERROR [547290634464] (rs.cpp:283) [rs2_allocate_synthetic_video_frame( source:0x7f70144cb0, new_stream:[ C RGB8 0 640x480 @ 30 ], original:0x7f6c881048, new_bpp:3, new_width:640, new_height:480, new_stride:1920, frame_type:Video Frame ) Wrong Api Call Sequence] Out of frame resources!
[realsense2_camera_node-1]  28/07 06:26:39,918 ERROR [547290634464] (synthetic-stream.cpp:59) Exception was thrown during callback: Out of frame resources!
[realsense2_camera_node-1]  28/07 06:26:39,951 ERROR [547290634464] (rs.cpp:283) [rs2_allocate_synthetic_video_frame( source:0x7f70144cb0, new_stream:[ C RGB8 0 640x480 @ 30 ], original:0x7f6c881048, new_bpp:3, new_width:640, new_height:480, new_stride:1920, frame_type:Video Frame ) Wrong Api Call Sequence] Out of frame resources!
[realsense2_camera_node-1]  28/07 06:26:39,951 ERROR [547290634464] (synthetic-stream.cpp:59) Exception was thrown during callback: Out of frame resources!
[realsense2_camera_node-1]  28/07 06:26:39,985 ERROR [547290634464] (rs.cpp:283) [rs2_allocate_synthetic_video_frame( source:0x7f70144cb0, new_stream:[ C RGB8 0 640x480 @ 30 ], original:0x7f6c881048, new_bpp:3, new_width:640, new_height:480, new_stride:1920, frame_type:Video Frame ) Wrong Api Call Sequence] Out of frame resources!
[realsense2_camera_node-1]  28/07 06:26:39,985 ERROR [547290634464] (synthetic-stream.cpp:59) Exception was thrown during callback: Out of frame resources!
[realsense2_camera_node-1]  28/07 06:26:40,018 ERROR [547290634464] (rs.cpp:283) [rs2_allocate_synthetic_video_frame( source:0x7f70144cb0, new_stream:[ C RGB8 0 640x480 @ 30 ], original:0x7f6c881048, new_bpp:3, new_width:640, new_height:480, new_stride:1920, frame_type:Video Frame ) Wrong Api Call Sequence] Out of frame resources!
[realsense2_camera_node-1]  28/07 06:26:40,018 ERROR [547290634464] (synthetic-stream.cpp:59) Exception was thrown during callback: Out of frame resources!
[realsense2_camera_node-1]  28/07 06:26:40,051 ERROR [547290634464] (rs.cpp:283) [rs2_allocate_synthetic_video_frame( source:0x7f70144cb0, new_stream:[ C RGB8 0 640x480 @ 30 ], original:0x7f6c881048, new_bpp:3, new_width:640, new_height:480, new_stride:1920, frame_type:Video Frame ) Wrong Api Call Sequence] Out of frame resources!
[realsense2_camera_node-1]  28/07 06:26:40,052 ERROR [547290634464] (synthetic-stream.cpp:59) Exception was thrown during callback: Out of frame resources!
[realsense2_camera_node-1]  28/07 06:26:40,085 ERROR [547290634464] (rs.cpp:283) [rs2_allocate_synthetic_video_frame( source:0x7f70144cb0, new_stream:[ C RGB8 0 640x480 @ 30 ], original:0x7f6c881048, new_bpp:3, new_width:640, new_height:480, new_stride:1920, frame_type:Video Frame ) Wrong Api Call Sequence] Out of frame resources!
[realsense2_camera_node-1]  28/07 06:26:40,085 ERROR [547290634464] (synthetic-stream.cpp:59) Exception was thrown during callback: Out of frame resources!
[realsense2_camera_node-1]  28/07 06:26:40,118 ERROR [547290634464] (rs.cpp:283) [rs2_allocate_synthetic_video_frame( source:0x7f70144cb0, new_stream:[ C RGB8 0 640x480 @ 30 ], original:0x7f6c881048, new_bpp:3, new_width:640, new_height:480, new_stride:1920, frame_type:Video Frame ) Wrong Api Call Sequence] Out of frame resources!
[realsense2_camera_node-1]  28/07 06:26:40,118 ERROR [547290634464] (synthetic-stream.cpp:59) Exception was thrown during callback: Out of frame resources!
[realsense2_camera_node-1]  28/07 06:26:40,151 ERROR [547290634464] (rs.cpp:283) [rs2_allocate_synthetic_video_frame( source:0x7f70144cb0, new_stream:[ C RGB8 0 640x480 @ 30 ], original:0x7f6c881048, new_bpp:3, new_width:640, new_height:480, new_stride:1920, frame_type:Video Frame ) Wrong Api Call Sequence] Out of frame resources!
[realsense2_camera_node-1]  28/07 06:26:40,152 ERROR [547290634464] (synthetic-stream.cpp:59) Exception was thrown during callback: Out of frame resources!
[taskset-2] [0m[INFO] [1785191200.174209514] [air_ground_servo_node]: RGBD fps=20.33 size=640x480 center=(320,240) depth=0.169m XYZ=(-0.001,-0.002,0.169)m valid=82/100[0m
[taskset-2] [0m[INFO] [1785191208.286422246] [air_ground_servo_node]: RGBD fps=18.31 size=640x480 center=(320,240) depth=0.170m XYZ=(-0.001,-0.002,0.170)m valid=81/100[0m
[taskset-2] [0m[INFO] [1785191210.310001699] [air_ground_servo_node]: RGBD fps=29.42 size=640x480 center=(320,240) depth=0.170m XYZ=(-0.001,-0.002,0.170)m valid=78/100[0m
[taskset-2] [0m[INFO] [1785191212.313958109] [air_ground_servo_node]: RGBD fps=30.11 size=640x480 center=(320,240) depth=0.170m XYZ=(-0.001,-0.002,0.170)m valid=76/100[0m
[taskset-2] [0m[INFO] [1785191214.314799810] [air_ground_servo_node]: RGBD fps=30.03 size=640x480 center=(320,240) depth=0.170m XYZ=(-0.001,-0.002,0.170)m valid=72/100[0m
[taskset-2] [0m[INFO] [1785191216.348131723] [air_ground_servo_node]: RGBD fps=30.04 size=640x480 center=(320,240) depth=0.171m XYZ=(-0.001,-0.002,0.171)m valid=76/100[0m
[taskset-2] [0m[INFO] [1785191218.351210507] [air_ground_servo_node]: RGBD fps=29.95 size=640x480 center=(320,240) depth=0.170m XYZ=(-0.001,-0.002,0.170)m valid=80/100[0m
[taskset-2] [0m[INFO] [1785191220.375309419] [air_ground_servo_node]: RGBD fps=30.12 size=640x480 center=(320,240) depth=0.171m XYZ=(-0.001,-0.002,0.171)m valid=71/100[0m
[taskset-2] [0m[INFO] [1785191222.377922995] [air_ground_servo_node]: RGBD fps=29.07 size=640x480 center=(320,240) depth=0.170m XYZ=(-0.001,-0.002,0.170)m valid=79/100[0m
[taskset-2] [0m[INFO] [1785191224.379109738] [air_ground_servo_node]: RGBD fps=29.68 size=640x480 center=(320,240) depth=0.171m XYZ=(-0.001,-0.002,0.171)m valid=76/100[0m
[taskset-2] [0m[INFO] [1785191226.379684272] [air_ground_servo_node]: RGBD fps=30.00 size=640x480 center=(320,240) depth=0.171m XYZ=(-0.001,-0.002,0.171)m valid=78/100[0m
[taskset-2] [0m[INFO] [1785191228.391474558] [air_ground_servo_node]: RGBD fps=29.50 size=640x480 center=(320,240) depth=0.171m XYZ=(-0.001,-0.002,0.171)m valid=72/100[0m
[taskset-2] [0m[INFO] [1785191230.391502217] [air_ground_servo_node]: RGBD fps=30.00 size=640x480 center=(320,240) depth=0.171m XYZ=(-0.001,-0.002,0.171)m valid=74/100[0m
[taskset-2] [0m[INFO] [1785191232.417525254] [air_ground_servo_node]: RGBD fps=30.03 size=640x480 center=(320,240) depth=0.171m XYZ=(-0.001,-0.002,0.171)m valid=75/100[0m
[taskset-2] [0m[INFO] [1785191234.420238580] [air_ground_servo_node]: RGBD fps=29.94 size=640x480 center=(320,240) depth=0.171m XYZ=(-0.001,-0.002,0.171)m valid=62/100[0m
[taskset-2] [0m[INFO] [1785191236.428975116] [air_ground_servo_node]: RGBD fps=29.95 size=640x480 center=(320,240) depth=0.171m XYZ=(-0.001,-0.002,0.171)m valid=61/100[0m
[taskset-2] [0m[INFO] [1785191238.430238275] [air_ground_servo_node]: RGBD fps=30.09 size=640x480 center=(320,240) depth=0.171m XYZ=(-0.001,-0.002,0.171)m valid=60/100[0m
[taskset-2] [0m[INFO] [1785191240.461081396] [air_ground_servo_node]: RGBD fps=29.81 size=640x480 center=(320,240) depth=0.171m XYZ=(-0.001,-0.002,0.171)m valid=71/100[0m
[taskset-2] [0m[INFO] [1785191242.466788681] [air_ground_servo_node]: RGBD fps=29.74 size=640x480 center=(320,240) depth=0.171m XYZ=(-0.001,-0.002,0.171)m valid=58/100[0m
[taskset-2] [0m[INFO] [1785191244.494370093] [air_ground_servo_node]: RGBD fps=30.04 size=640x480 center=(320,240) depth=0.171m XYZ=(-0.001,-0.002,0.171)m valid=65/100[0m
[taskset-2] [0m[INFO] [1785191246.504018961] [air_ground_servo_node]: RGBD fps=29.89 size=640x480 center=(320,240) depth=0.171m XYZ=(-0.001,-0.002,0.171)m valid=58/100[0m
[taskset-2] [0m[INFO] [1785191248.504200037] [air_ground_servo_node]: RGBD fps=30.05 size=640x480 center=(320,240) depth=0.171m XYZ=(-0.001,-0.002,0.171)m valid=53/100[0m
[taskset-2] [0m[INFO] [1785191250.506326238] [air_ground_servo_node]: RGBD fps=29.96 size=640x480 center=(320,240) depth=0.171m XYZ=(-0.001,-0.002,0.171)m valid=60/100[0m
[taskset-2] [0m[INFO] [1785191252.532414900] [air_ground_servo_node]: RGBD fps=30.06 size=640x480 center=(320,240) depth=0.171m XYZ=(-0.001,-0.002,0.171)m valid=71/100[0m
[taskset-2] [0m[INFO] [1785191254.534397310] [air_ground_servo_node]: RGBD fps=29.99 size=640x480 center=(320,240) depth=0.171m XYZ=(-0.001,-0.002,0.171)m valid=68/100[0m
[taskset-2] [0m[INFO] [1785191256.535895552] [air_ground_servo_node]: RGBD fps=29.45 size=640x480 center=(320,240) depth=0.171m XYZ=(-0.001,-0.002,0.171)m valid=67/100[0m
[taskset-2] [0m[INFO] [1785191258.545528379] [air_ground_servo_node]: RGBD fps=30.05 size=640x480 center=(320,240) depth=0.170m XYZ=(-0.001,-0.002,0.170)m valid=61/100[0m
[taskset-2] [0m[INFO] [1785191260.548355747] [air_ground_servo_node]: RGBD fps=29.75 size=640x480 center=(320,240) depth=0.171m XYZ=(-0.001,-0.002,0.171)m valid=60/100[0m
[taskset-2] [0m[INFO] [1785191262.548663407] [air_ground_servo_node]: RGBD fps=30.07 size=640x480 center=(320,240) depth=0.171m XYZ=(-0.001,-0.002,0.171)m valid=70/100[0m
[taskset-2] [0m[INFO] [1785191264.550442233] [air_ground_servo_node]: RGBD fps=29.97 size=640x480 center=(320,240) depth=0.171m XYZ=(-0.001,-0.002,0.171)m valid=70/100[0m
[taskset-2] [0m[INFO] [1785191266.674425904] [air_ground_servo_node]: RGBD fps=32.04 size=640x480 center=(320,240) depth=0.171m XYZ=(-0.001,-0.002,0.171)m valid=76/100[0m
[taskset-2] [0m[INFO] [1785191268.687041898] [air_ground_servo_node]: RGBD fps=30.32 size=640x480 center=(320,240) depth=0.171m XYZ=(-0.001,-0.002,0.171)m valid=69/100[0m
[taskset-2] [0m[INFO] [1785191270.712602935] [air_ground_servo_node]: RGBD fps=30.01 size=640x480 center=(320,240) depth=0.171m XYZ=(-0.001,-0.002,0.171)m valid=70/100[0m
[taskset-2] [0m[INFO] [1785191272.713892928] [air_ground_servo_node]: RGBD fps=30.04 size=640x480 center=(320,240) depth=0.171m XYZ=(-0.001,-0.002,0.171)m valid=64/100[0m
[taskset-2] [0m[INFO] [1785191274.715586587] [air_ground_servo_node]: RGBD fps=30.06 size=640x480 center=(320,240) depth=0.171m XYZ=(-0.001,-0.002,0.171)m valid=74/100[0m
[taskset-2] [0m[INFO] [1785191276.717153080] [air_ground_servo_node]: RGBD fps=30.04 size=640x480 center=(320,240) depth=0.171m XYZ=(-0.001,-0.002,0.171)m valid=75/100[0m
[taskset-2] [0m[INFO] [1785191278.727682491] [air_ground_servo_node]: RGBD fps=29.63 size=640x480 center=(320,240) depth=0.171m XYZ=(-0.001,-0.002,0.171)m valid=69/100[0m
[taskset-2] [0m[INFO] [1785191280.753311486] [air_ground_servo_node]: RGBD fps=30.10 size=640x480 center=(320,240) depth=0.170m XYZ=(-0.001,-0.002,0.170)m valid=69/100[0m
[taskset-2] [0m[INFO] [1785191282.764268479] [air_ground_servo_node]: RGBD fps=29.99 size=640x480 center=(320,240) depth=0.171m XYZ=(-0.001,-0.002,0.171)m valid=80/100[0m
[taskset-2] [0m[INFO] [1785191284.792729850] [air_ground_servo_node]: RGBD fps=29.87 size=640x480 center=(320,240) depth=0.171m XYZ=(-0.001,-0.002,0.171)m valid=72/100[0m
[taskset-2] [0m[INFO] [1785191286.824419679] [air_ground_servo_node]: RGBD fps=29.74 size=640x480 center=(320,240) depth=0.170m XYZ=(-0.001,-0.002,0.170)m valid=71/100[0m
[taskset-2] [0m[INFO] [1785191288.835506173] [air_ground_servo_node]: RGBD fps=30.05 size=640x480 center=(320,240) depth=0.170m XYZ=(-0.001,-0.002,0.170)m valid=67/100[0m
[taskset-2] [0m[INFO] [1785191290.838232041] [air_ground_servo_node]: RGBD fps=29.90 size=640x480 center=(320,240) depth=0.171m XYZ=(-0.001,-0.002,0.171)m valid=76/100[0m
[taskset-2] [0m[INFO] [1785191292.862001661] [air_ground_servo_node]: RGBD fps=28.60 size=640x480 center=(320,240) depth=0.170m XYZ=(-0.001,-0.002,0.170)m valid=80/100[0m
[taskset-2] [0m[INFO] [1785191294.873133946] [air_ground_servo_node]: RGBD fps=29.99 size=640x480 center=(320,240) depth=0.170m XYZ=(-0.001,-0.002,0.170)m valid=67/100[0m
[taskset-2] [0m[INFO] [1785191296.873882022] [air_ground_servo_node]: RGBD fps=29.84 size=640x480 center=(320,240) depth=0.171m XYZ=(-0.001,-0.002,0.171)m valid=68/100[0m
[taskset-2] [0m[INFO] [1785191298.900082976] [air_ground_servo_node]: RGBD fps=30.05 size=640x480 center=(320,240) depth=0.170m XYZ=(-0.001,-0.002,0.170)m valid=73/100[0m
[taskset-2] [0m[INFO] [1785191300.902183802] [air_ground_servo_node]: RGBD fps=30.01 size=640x480 center=(320,240) depth=0.171m XYZ=(-0.001,-0.002,0.171)m valid=70/100[0m
[taskset-2] [0m[INFO] [1785191302.902915253] [air_ground_servo_node]: RGBD fps=30.02 size=640x480 center=(320,240) depth=0.170m XYZ=(-0.001,-0.002,0.170)m valid=67/100[0m
[taskset-2] [0m[INFO] [1785191304.904345829] [air_ground_servo_node]: RGBD fps=30.02 size=640x480 center=(320,240) depth=0.170m XYZ=(-0.001,-0.002,0.170)m valid=67/100[0m
[taskset-2] [0m[INFO] [1785191306.909102572] [air_ground_servo_node]: RGBD fps=29.80 size=640x480 center=(320,240) depth=0.171m XYZ=(-0.001,-0.002,0.171)m valid=69/100[0m
[taskset-2] [0m[INFO] [1785191308.916522524] [air_ground_servo_node]: RGBD fps=29.35 size=640x480 center=(320,240) depth=0.170m XYZ=(-0.001,-0.002,0.170)m valid=69/100[0m
[taskset-2] [0m[INFO] [1785191310.919330933] [air_ground_servo_node]: RGBD fps=29.86 size=640x480 center=(320,240) depth=0.170m XYZ=(-0.001,-0.002,0.170)m valid=83/100[0m
[taskset-2] [0m[INFO] [1785191312.952051221] [air_ground_servo_node]: RGBD fps=29.48 size=640x480 center=(320,240) depth=0.171m XYZ=(-0.001,-0.002,0.171)m valid=70/100[0m
[taskset-2] [0m[INFO] [1785191314.953401297] [air_ground_servo_node]: RGBD fps=30.02 size=640x480 center=(320,240) depth=0.170m XYZ=(-0.001,-0.002,0.170)m valid=70/100[0m
[taskset-2] [0m[INFO] [1785191316.954616040] [air_ground_servo_node]: RGBD fps=30.03 size=640x480 center=(320,240) depth=0.170m XYZ=(-0.001,-0.002,0.170)m valid=75/100[0m
[taskset-2] [0m[INFO] [1785191318.957246533] [air_ground_servo_node]: RGBD fps=29.96 size=640x480 center=(320,240) depth=0.170m XYZ=(-0.001,-0.002,0.170)m valid=72/100[0m
[taskset-2] [0m[INFO] [1785191320.957829525] [air_ground_servo_node]: RGBD fps=30.00 size=640x480 center=(320,240) depth=0.170m XYZ=(-0.001,-0.002,0.170)m valid=78/100[0m
[taskset-2] [0m[INFO] [1785191322.959391935] [air_ground_servo_node]: RGBD fps=30.00 size=640x480 center=(320,240) depth=0.170m XYZ=(-0.001,-0.002,0.170)m valid=73/100[0m
[taskset-2] [0m[INFO] [1785191324.961379011] [air_ground_servo_node]: RGBD fps=30.07 size=640x480 center=(320,240) depth=0.170m XYZ=(-0.001,-0.002,0.170)m valid=71/100[0m
[taskset-2] [0m[INFO] [1785191326.962085962] [air_ground_servo_node]: RGBD fps=30.06 size=640x480 center=(320,240) depth=0.170m XYZ=(-0.001,-0.002,0.170)m valid=88/100[0m
[taskset-2] [0m[INFO] [1785191328.988693791] [air_ground_servo_node]: RGBD fps=30.04 size=640x480 center=(320,240) depth=0.170m XYZ=(-0.001,-0.002,0.170)m valid=80/100[0m
[taskset-2] [0m[INFO] [1785191330.998853951] [air_ground_servo_node]: RGBD fps=29.44 size=640x480 center=(320,240) depth=0.170m XYZ=(-0.001,-0.002,0.170)m valid=93/100[0m
[taskset-2] [0m[INFO] [1785191333.000800485] [air_ground_servo_node]: RGBD fps=30.05 size=640x480 center=(320,240) depth=0.170m XYZ=(-0.001,-0.002,0.170)m valid=79/100[0m
[taskset-2] [0m[INFO] [1785191335.002421520] [air_ground_servo_node]: RGBD fps=30.05 size=640x480 center=(320,240) depth=0.170m XYZ=(-0.001,-0.002,0.170)m valid=79/100[0m
[taskset-2] [0m[INFO] [1785191337.002764471] [air_ground_servo_node]: RGBD fps=30.03 size=640x480 center=(320,240) depth=0.170m XYZ=(-0.001,-0.002,0.170)m valid=85/100[0m
[taskset-2] [0m[INFO] [1785191339.004141089] [air_ground_servo_node]: RGBD fps=30.02 size=640x480 center=(320,240) depth=0.170m XYZ=(-0.001,-0.002,0.170)m valid=82/100[0m
[taskset-2] [0m[INFO] [1785191341.006385123] [air_ground_servo_node]: RGBD fps=30.02 size=640x480 center=(320,240) depth=0.170m XYZ=(-0.001,-0.002,0.170)m valid=71/100[0m
[taskset-2] [0m[INFO] [1785191343.035785952] [air_ground_servo_node]: RGBD fps=29.71 size=640x480 center=(320,240) depth=0.170m XYZ=(-0.001,-0.002,0.170)m valid=87/100[0m
[taskset-2] [0m[INFO] [1785191345.042719695] [air_ground_servo_node]: RGBD fps=30.02 size=640x480 center=(320,240) depth=0.170m XYZ=(-0.001,-0.002,0.170)m valid=84/100[0m
[taskset-2] [0m[INFO] [1785191347.043583563] [air_ground_servo_node]: RGBD fps=30.06 size=640x480 center=(320,240) depth=0.170m XYZ=(-0.001,-0.002,0.170)m valid=95/100[0m
[taskset-2] [0m[INFO] [1785191349.046300389] [air_ground_servo_node]: RGBD fps=29.94 size=640x480 center=(320,240) depth=0.170m XYZ=(-0.001,-0.002,0.170)m valid=81/100[0m
[taskset-2] [0m[INFO] [1785191351.072026509] [air_ground_servo_node]: RGBD fps=49.97 size=640x480 center=(320,240) depth=0.170m XYZ=(-0.001,-0.002,0.170)m valid=79/100[0m
[taskset-2] [0m[INFO] [1785191353.083942503] [air_ground_servo_node]: RGBD fps=29.89 size=640x480 center=(320,240) depth=0.170m XYZ=(-0.001,-0.002,0.170)m valid=85/100[0m
[taskset-2] [0m[INFO] [1785191355.118343958] [air_ground_servo_node]: RGBD fps=29.94 size=640x480 center=(320,240) depth=0.170m XYZ=(-0.001,-0.002,0.170)m valid=93/100[0m
[taskset-2] [0m[INFO] [1785191357.150967704] [air_ground_servo_node]: RGBD fps=29.73 size=640x480 center=(320,240) depth=0.170m XYZ=(-0.001,-0.002,0.170)m valid=78/100[0m
[taskset-2] [0m[INFO] [1785191359.177560366] [air_ground_servo_node]: RGBD fps=30.25 size=640x480 center=(320,240) depth=0.170m XYZ=(-0.001,-0.002,0.170)m valid=85/100[0m
[taskset-2] [0m[INFO] [1785191361.179156317] [air_ground_servo_node]: RGBD fps=30.03 size=640x480 center=(320,240) depth=0.170m XYZ=(-0.001,-0.002,0.170)m valid=82/100[0m
[taskset-2] [0m[INFO] [1785191363.188655852] [air_ground_servo_node]: RGBD fps=30.04 size=640x480 center=(320,240) depth=0.171m XYZ=(-0.001,-0.002,0.171)m valid=39/100[0m
[taskset-2] [0m[INFO] [1785191365.190861386] [air_ground_servo_node]: RGBD fps=29.94 size=640x480 center=(320,240) depth=0.170m XYZ=(-0.001,-0.002,0.170)m valid=69/100[0m
[taskset-2] [0m[INFO] [1785191367.194079004] [air_ground_servo_node]: RGBD fps=29.88 size=640x480 center=(320,240) depth=invalid XYZ=invalid valid=0/100[0m
[taskset-2] [0m[INFO] [1785191369.229689417] [air_ground_servo_node]: RGBD fps=29.85 size=640x480 center=(320,240) depth=0.170m XYZ=(-0.001,-0.002,0.170)m valid=12/100[0m
[taskset-2] [0m[INFO] [1785191371.262366538] [air_ground_servo_node]: RGBD fps=30.01 size=640x480 center=(320,240) depth=0.170m XYZ=(-0.001,-0.002,0.170)m valid=3/100[0m
[taskset-2] [0m[INFO] [1785191373.263088656] [air_ground_servo_node]: RGBD fps=30.09 size=640x480 center=(320,240) depth=invalid XYZ=invalid valid=0/100[0m
[taskset-2] [0m[INFO] [1785191375.264396732] [air_ground_servo_node]: RGBD fps=30.08 size=640x480 center=(320,240) depth=0.170m XYZ=(-0.001,-0.002,0.170)m valid=31/100[0m
[taskset-2] [0m[INFO] [1785191377.266479475] [air_ground_servo_node]: RGBD fps=29.96 size=640x480 center=(320,240) depth=invalid XYZ=invalid valid=0/100[0m
[taskset-2] [0m[INFO] [1785191379.293094303] [air_ground_servo_node]: RGBD fps=30.17 size=640x480 center=(320,240) depth=invalid XYZ=invalid valid=0/100[0m
[taskset-2] [0m[INFO] [1785191381.293664463] [air_ground_servo_node]: RGBD fps=30.68 size=640x480 center=(320,240) depth=invalid XYZ=invalid valid=0/100[0m
[taskset-2] [0m[INFO] [1785191383.305676123] [air_ground_servo_node]: RGBD fps=29.80 size=640x480 center=(320,240) depth=0.169m XYZ=(-0.001,-0.002,0.169)m valid=4/100[0m
[taskset-2] [0m[INFO] [1785191385.330669868] [air_ground_servo_node]: RGBD fps=30.19 size=640x480 center=(320,240) depth=0.168m XYZ=(-0.001,-0.002,0.168)m valid=64/100[0m
[taskset-2] [0m[INFO] [1785191387.332714695] [air_ground_servo_node]: RGBD fps=29.95 size=640x480 center=(320,240) depth=0.167m XYZ=(-0.001,-0.002,0.167)m valid=15/100[0m
[taskset-2] [0m[INFO] [1785191389.341099480] [air_ground_servo_node]: RGBD fps=30.23 size=640x480 center=(320,240) depth=invalid XYZ=invalid valid=0/100[0m
[taskset-2] [0m[INFO] [1785191391.345754723] [air_ground_servo_node]: RGBD fps=29.84 size=640x480 center=(320,240) depth=0.167m XYZ=(-0.001,-0.002,0.167)m valid=6/100[0m
[taskset-2] [0m[INFO] [1785191393.369634884] [air_ground_servo_node]: RGBD fps=30.11 size=640x480 center=(320,240) depth=0.168m XYZ=(-0.001,-0.002,0.168)m valid=94/100[0m
[taskset-2] [0m[INFO] [1785191395.381221295] [air_ground_servo_node]: RGBD fps=29.61 size=640x480 center=(320,240) depth=0.168m XYZ=(-0.001,-0.002,0.168)m valid=96/100[0m
[taskset-2] [0m[INFO] [1785191397.414183666] [air_ground_servo_node]: RGBD fps=30.03 size=640x480 center=(320,240) depth=0.168m XYZ=(-0.001,-0.002,0.168)m valid=51/100[0m
[taskset-2] [0m[INFO] [1785191399.416356534] [air_ground_servo_node]: RGBD fps=30.04 size=640x480 center=(320,240) depth=0.168m XYZ=(-0.001,-0.002,0.168)m valid=12/100[0m
[taskset-2] [0m[INFO] [1785191401.416678193] [air_ground_servo_node]: RGBD fps=30.06 size=640x480 center=(320,240) depth=invalid XYZ=invalid valid=0/100[0m
[taskset-2] [0m[INFO] [1785191403.421408978] [air_ground_servo_node]: RGBD fps=29.64 size=640x480 center=(320,240) depth=0.167m XYZ=(-0.001,-0.002,0.167)m valid=58/100[0m
[taskset-2] [0m[INFO] [1785191405.453402140] [air_ground_servo_node]: RGBD fps=30.36 size=640x480 center=(320,240) depth=invalid XYZ=invalid valid=0/100[0m
[taskset-2] [0m[INFO] [1785191407.479861802] [air_ground_servo_node]: RGBD fps=30.05 size=640x480 center=(320,240) depth=invalid XYZ=invalid valid=0/100[0m
[taskset-2] [0m[INFO] [1785191409.481998503] [air_ground_servo_node]: RGBD fps=29.98 size=640x480 center=(320,240) depth=invalid XYZ=invalid valid=0/100[0m
[taskset-2] [0m[INFO] [1785191411.483035329] [air_ground_servo_node]: RGBD fps=29.62 size=640x480 center=(320,240) depth=invalid XYZ=invalid valid=0/100[0m
[taskset-2] [0m[INFO] [1785191413.484305197] [air_ground_servo_node]: RGBD fps=30.02 size=640x480 center=(320,240) depth=invalid XYZ=invalid valid=0/100[0m
[taskset-2] [0m[INFO] [1785191415.494182149] [air_ground_servo_node]: RGBD fps=30.05 size=640x480 center=(320,240) depth=invalid XYZ=invalid valid=0/100[0m
[taskset-2] [0m[INFO] [1785191417.496245059] [air_ground_servo_node]: RGBD fps=30.00 size=640x480 center=(320,240) depth=invalid XYZ=invalid valid=0/100[0m
[taskset-2] [0m[INFO] [1785191419.497541760] [air_ground_servo_node]: RGBD fps=30.02 size=640x480 center=(320,240) depth=0.167m XYZ=(-0.001,-0.002,0.167)m valid=6/100[0m
[taskset-2] [0m[INFO] [1785191421.498694961] [air_ground_servo_node]: RGBD fps=30.02 size=640x480 center=(320,240) depth=invalid XYZ=invalid valid=0/100[0m
[taskset-2] [0m[INFO] [1785191423.524897373] [air_ground_servo_node]: RGBD fps=30.23 size=640x480 center=(320,240) depth=0.167m XYZ=(-0.001,-0.002,0.167)m valid=38/100[0m
[taskset-2] [0m[INFO] [1785191425.526112990] [air_ground_servo_node]: RGBD fps=30.04 size=640x480 center=(320,240) depth=invalid XYZ=invalid valid=0/100[0m
[taskset-2] [0m[INFO] [1785191427.528833900] [air_ground_servo_node]: RGBD fps=30.01 size=640x480 center=(320,240) depth=0.166m XYZ=(-0.001,-0.002,0.166)m valid=75/100[0m
[taskset-2] [0m[INFO] [1785191429.530762643] [air_ground_servo_node]: RGBD fps=29.99 size=640x480 center=(320,240) depth=0.168m XYZ=(-0.001,-0.002,0.168)m valid=10/100[0m
[taskset-2] [0m[INFO] [1785191431.531917594] [air_ground_servo_node]: RGBD fps=29.99 size=640x480 center=(320,240) depth=invalid XYZ=invalid valid=0/100[0m
[taskset-2] [0m[INFO] [1785191433.541582796] [air_ground_servo_node]: RGBD fps=29.03 size=640x480 center=(320,240) depth=0.168m XYZ=(-0.001,-0.002,0.168)m valid=9/100[0m
[taskset-2] [0m[INFO] [1785191436.338483243] [air_ground_servo_node]: RGBD fps=26.73 size=640x480 center=(320,240) depth=invalid XYZ=invalid valid=0/100[0m
[taskset-2] [0m[INFO] [1785191438.344534987] [air_ground_servo_node]: RGBD fps=28.31 size=640x480 center=(320,240) depth=invalid XYZ=invalid valid=0/100[0m
[taskset-2] [0m[INFO] [1785191440.346157479] [air_ground_servo_node]: RGBD fps=30.05 size=640x480 center=(320,240) depth=invalid XYZ=invalid valid=0/100[0m
[taskset-2] [0m[INFO] [1785191442.348277847] [air_ground_servo_node]: RGBD fps=29.43 size=640x480 center=(320,240) depth=invalid XYZ=invalid valid=0/100[0m
[taskset-2] [0m[INFO] [1785191444.348753215] [air_ground_servo_node]: RGBD fps=30.01 size=640x480 center=(320,240) depth=invalid XYZ=invalid valid=0/100[0m
[taskset-2] [0m[INFO] [1785191446.375908210] [air_ground_servo_node]: RGBD fps=29.96 size=640x480 center=(320,240) depth=invalid XYZ=invalid valid=0/100[0m
[taskset-2] [0m[INFO] [1785191448.376253786] [air_ground_servo_node]: RGBD fps=30.10 size=640x480 center=(320,240) depth=invalid XYZ=invalid valid=0/100[0m
[taskset-2] [0m[INFO] [1785191450.378730279] [air_ground_servo_node]: RGBD fps=30.04 size=640x480 center=(320,240) depth=invalid XYZ=invalid valid=0/100[0m
[taskset-2] [0m[INFO] [1785191452.383030856] [air_ground_servo_node]: RGBD fps=29.84 size=640x480 center=(320,240) depth=invalid XYZ=invalid valid=0/100[0m
[taskset-2] [0m[INFO] [1785191454.414857476] [air_ground_servo_node]: RGBD fps=30.01 size=640x480 center=(320,240) depth=invalid XYZ=invalid valid=0/100[0m
[taskset-2] [0m[INFO] [1785191456.424748137] [air_ground_servo_node]: RGBD fps=30.01 size=640x480 center=(320,240) depth=invalid XYZ=invalid valid=0/100[0m
[taskset-2] [0m[INFO] [1785191458.426188046] [air_ground_servo_node]: RGBD fps=29.99 size=640x480 center=(320,240) depth=invalid XYZ=invalid valid=0/100[0m
[taskset-2] [0m[INFO] [1785191460.428505581] [air_ground_servo_node]: RGBD fps=29.96 size=640x480 center=(320,240) depth=invalid XYZ=invalid valid=0/100[0m
[taskset-2] [0m[INFO] [1785191462.429093532] [air_ground_servo_node]: RGBD fps=29.23 size=640x480 center=(320,240) depth=invalid XYZ=invalid valid=0/100[0m
[taskset-2] [0m[INFO] [1785191464.456326110] [air_ground_servo_node]: RGBD fps=30.08 size=640x480 center=(320,240) depth=invalid XYZ=invalid valid=0/100[0m
[taskset-2] [0m[INFO] [1785191466.456767936] [air_ground_servo_node]: RGBD fps=29.60 size=640x480 center=(320,240) depth=invalid XYZ=invalid valid=0/100[0m
[taskset-2] [0m[INFO] [1785191468.466581597] [air_ground_servo_node]: RGBD fps=29.99 size=640x480 center=(320,240) depth=invalid XYZ=invalid valid=0/100[0m
[taskset-2] [0m[INFO] [1785191475.374998666] [air_ground_servo_node]: RGBD fps=28.97 size=640x480 center=(320,240) depth=0.167m XYZ=(-0.001,-0.002,0.167)m valid=9/100[0m
[taskset-2] [0m[INFO] [1785191478.071294812] [air_ground_servo_node]: RGBD fps=26.11 size=640x480 center=(320,240) depth=0.167m XYZ=(-0.001,-0.002,0.167)m valid=16/100[0m
[taskset-2] [0m[INFO] [1785191480.076442971] [air_ground_servo_node]: RGBD fps=25.81 size=640x480 center=(320,240) depth=invalid XYZ=invalid valid=0/100[0m
[taskset-2] [0m[INFO] [1785191482.111970259] [air_ground_servo_node]: RGBD fps=29.37 size=640x480 center=(320,240) depth=0.167m XYZ=(-0.001,-0.002,0.167)m valid=37/100[0m
[taskset-2] [0m[INFO] [1785191484.144530422] [air_ground_servo_node]: RGBD fps=29.92 size=640x480 center=(320,240) depth=invalid XYZ=invalid valid=0/100[0m
[taskset-2] [0m[INFO] [1785191486.146784081] [air_ground_servo_node]: RGBD fps=29.96 size=640x480 center=(320,240) depth=0.167m XYZ=(-0.001,-0.002,0.167)m valid=43/100[0m
[taskset-2] [0m[INFO] [1785191488.173527535] [air_ground_servo_node]: RGBD fps=30.02 size=640x480 center=(320,240) depth=0.166m XYZ=(-0.001,-0.002,0.166)m valid=15/100[0m
[taskset-2] [0m[INFO] [1785191490.174703778] [air_ground_servo_node]: RGBD fps=30.03 size=640x480 center=(320,240) depth=invalid XYZ=invalid valid=0/100[0m
[taskset-2] [0m[INFO] [1785191492.176693187] [air_ground_servo_node]: RGBD fps=30.06 size=640x480 center=(320,240) depth=0.166m XYZ=(-0.001,-0.002,0.166)m valid=100/100[0m
[taskset-2] [0m[INFO] [1785191494.188418139] [air_ground_servo_node]: RGBD fps=29.96 size=640x480 center=(320,240) depth=0.166m XYZ=(-0.001,-0.002,0.166)m valid=96/100[0m
[taskset-2] [0m[INFO] [1785191496.220523594] [air_ground_servo_node]: RGBD fps=30.05 size=640x480 center=(320,240) depth=0.166m XYZ=(-0.001,-0.002,0.166)m valid=99/100[0m
[taskset-2] [0m[INFO] [1785191498.223160211] [air_ground_servo_node]: RGBD fps=29.95 size=640x480 center=(320,240) depth=0.167m XYZ=(-0.001,-0.002,0.167)m valid=89/100[0m
[taskset-2] [0m[INFO] [1785191500.223757496] [air_ground_servo_node]: RGBD fps=30.07 size=640x480 center=(320,240) depth=0.167m XYZ=(-0.001,-0.002,0.167)m valid=75/100[0m
[taskset-2] [0m[INFO] [1785191502.226811780] [air_ground_servo_node]: RGBD fps=29.96 size=640x480 center=(320,240) depth=0.167m XYZ=(-0.001,-0.002,0.167)m valid=82/100[0m
[taskset-2] [0m[INFO] [1785191504.259092818] [air_ground_servo_node]: RGBD fps=30.14 size=640x480 center=(320,240) depth=0.167m XYZ=(-0.001,-0.002,0.167)m valid=69/100[0m
[taskset-2] [0m[INFO] [1785191506.287225772] [air_ground_servo_node]: RGBD fps=30.41 size=640x480 center=(320,240) depth=0.167m XYZ=(-0.001,-0.002,0.167)m valid=80/100[0m
[taskset-2] [0m[INFO] [1785191515.170071206] [air_ground_servo_node]: RGBD fps=27.13 size=640x480 center=(320,240) depth=invalid XYZ=invalid valid=0/100[0m
[taskset-2] [0m[INFO] [1785191517.627638744] [air_ground_servo_node]: RGBD fps=19.72 size=640x480 center=(320,240) depth=invalid XYZ=invalid valid=0/100[0m
[taskset-2] [0m[INFO] [1785191519.637965738] [air_ground_servo_node]: RGBD fps=28.95 size=640x480 center=(320,240) depth=invalid XYZ=invalid valid=0/100[0m
[taskset-2] [0m[INFO] [1785191521.664623150] [air_ground_servo_node]: RGBD fps=29.91 size=640x480 center=(320,240) depth=invalid XYZ=invalid valid=0/100[0m
[taskset-2] [0m[INFO] [1785191523.673982977] [air_ground_servo_node]: RGBD fps=29.97 size=640x480 center=(320,240) depth=invalid XYZ=invalid valid=0/100[0m
[taskset-2] [0m[INFO] [1785191525.674752345] [air_ground_servo_node]: RGBD fps=30.03 size=640x480 center=(320,240) depth=invalid XYZ=invalid valid=0/100[0m
[taskset-2] [0m[INFO] [1785191527.702405215] [air_ground_servo_node]: RGBD fps=30.35 size=640x480 center=(320,240) depth=invalid XYZ=invalid valid=0/100[0m
[taskset-2] [0m[INFO] [1785191529.705876875] [air_ground_servo_node]: RGBD fps=29.83 size=640x480 center=(320,240) depth=invalid XYZ=invalid valid=0/100[0m
[taskset-2] [0m[INFO] [1785191531.713144285] [air_ground_servo_node]: RGBD fps=30.01 size=640x480 center=(320,240) depth=invalid XYZ=invalid valid=0/100[0m
[taskset-2] [0m[INFO] [1785191533.714400736] [air_ground_servo_node]: RGBD fps=28.89 size=640x480 center=(320,240) depth=invalid XYZ=invalid valid=0/100[0m
[taskset-2] [0m[INFO] [1785191535.716445562] [air_ground_servo_node]: RGBD fps=30.02 size=640x480 center=(320,240) depth=invalid XYZ=invalid valid=0/100[0m
[taskset-2] [0m[INFO] [1785191537.718463846] [air_ground_servo_node]: RGBD fps=29.92 size=640x480 center=(320,240) depth=invalid XYZ=invalid valid=0/100[0m
[taskset-2] [0m[INFO] [1785191539.747337925] [air_ground_servo_node]: RGBD fps=29.87 size=640x480 center=(320,240) depth=invalid XYZ=invalid valid=0/100[0m
[taskset-2] [0m[INFO] [1785191541.754976919] [air_ground_servo_node]: RGBD fps=29.98 size=640x480 center=(320,240) depth=invalid XYZ=invalid valid=0/100[0m
[taskset-2] [0m[INFO] [1785191543.780409914] [air_ground_servo_node]: RGBD fps=30.02 size=640x480 center=(320,240) depth=invalid XYZ=invalid valid=0/100[0m
[taskset-2] [0m[INFO] [1785191545.792145658] [air_ground_servo_node]: RGBD fps=29.88 size=640x480 center=(320,240) depth=invalid XYZ=invalid valid=0/100[0m
[taskset-2] [0m[INFO] [1785191547.817782820] [air_ground_servo_node]: RGBD fps=30.46 size=640x480 center=(320,240) depth=invalid XYZ=invalid valid=0/100[0m
[taskset-2] [0m[INFO] [1785191549.826398896] [air_ground_servo_node]: RGBD fps=29.51 size=640x480 center=(320,240) depth=invalid XYZ=invalid valid=0/100[0m
[taskset-2] [0m[INFO] [1785191551.828690764] [air_ground_servo_node]: RGBD fps=30.10 size=640x480 center=(320,240) depth=0.166m XYZ=(-0.001,-0.002,0.166)m valid=49/100[0m
[taskset-2] [0m[INFO] [1785191553.829155049] [air_ground_servo_node]: RGBD fps=30.05 size=640x480 center=(320,240) depth=0.166m XYZ=(-0.001,-0.002,0.166)m valid=74/100[0m
[taskset-2] [0m[INFO] [1785191555.831426791] [air_ground_servo_node]: RGBD fps=30.01 size=640x480 center=(320,240) depth=invalid XYZ=invalid valid=0/100[0m
[taskset-2] [0m[INFO] [1785191557.833094493] [air_ground_servo_node]: RGBD fps=30.00 size=640x480 center=(320,240) depth=0.165m XYZ=(-0.001,-0.002,0.165)m valid=65/100[0m
[taskset-2] [0m[INFO] [1785191559.834267819] [air_ground_servo_node]: RGBD fps=30.01 size=640x480 center=(320,240) depth=0.165m XYZ=(-0.001,-0.002,0.165)m valid=86/100[0m
[taskset-2] [0m[INFO] [1785191561.861118606] [air_ground_servo_node]: RGBD fps=30.04 size=640x480 center=(320,240) depth=0.165m XYZ=(-0.001,-0.002,0.165)m valid=74/100[0m
[taskset-2] [0m[INFO] [1785191563.872936308] [air_ground_servo_node]: RGBD fps=29.78 size=640x480 center=(320,240) depth=invalid XYZ=invalid valid=0/100[0m
[taskset-2] [0m[INFO] [1785191565.907460554] [air_ground_servo_node]: RGBD fps=29.88 size=640x480 center=(320,240) depth=0.165m XYZ=(-0.001,-0.002,0.165)m valid=10/100[0m
[taskset-2] [0m[INFO] [1785191567.907555880] [air_ground_servo_node]: RGBD fps=29.99 size=640x480 center=(320,240) depth=0.164m XYZ=(-0.001,-0.002,0.164)m valid=6/100[0m
[taskset-2] [0m[INFO] [1785191569.932640917] [air_ground_servo_node]: RGBD fps=29.97 size=640x480 center=(320,240) depth=0.165m XYZ=(-0.001,-0.002,0.165)m valid=4/100[0m
[taskset-2] [0m[INFO] [1785191571.943023910] [air_ground_servo_node]: RGBD fps=30.05 size=640x480 center=(320,240) depth=invalid XYZ=invalid valid=0/100[0m
[taskset-2] [0m[INFO] [1785191573.944975403] [air_ground_servo_node]: RGBD fps=29.84 size=640x480 center=(320,240) depth=0.164m XYZ=(-0.001,-0.002,0.164)m valid=4/100[0m
[taskset-2] [0m[INFO] [1785191575.974289607] [air_ground_servo_node]: RGBD fps=29.97 size=640x480 center=(320,240) depth=invalid XYZ=invalid valid=0/100[0m
[taskset-2] [0m[INFO] [1785191577.982737684] [air_ground_servo_node]: RGBD fps=28.87 size=640x480 center=(320,240) depth=invalid XYZ=invalid valid=0/100[0m
[taskset-2] [0m[INFO] [1785191580.008353554] [air_ground_servo_node]: RGBD fps=30.02 size=640x480 center=(320,240) depth=invalid XYZ=invalid valid=0/100[0m
[taskset-2] [0m[INFO] [1785191582.016553714] [air_ground_servo_node]: RGBD fps=30.17 size=640x480 center=(320,240) depth=invalid XYZ=invalid valid=0/100[0m
[taskset-2] [0m[INFO] [1785191584.018075290] [air_ground_servo_node]: RGBD fps=30.05 size=640x480 center=(320,240) depth=invalid XYZ=invalid valid=0/100[0m
[taskset-2] [0m[INFO] [1785191586.044585702] [air_ground_servo_node]: RGBD fps=30.11 size=640x480 center=(320,240) depth=invalid XYZ=invalid valid=0/100[0m
[taskset-2] [0m[INFO] [1785191588.054624237] [air_ground_servo_node]: RGBD fps=30.08 size=640x480 center=(320,240) depth=invalid XYZ=invalid valid=0/100[0m
[taskset-2] [0m[INFO] [1785191590.057975147] [air_ground_servo_node]: RGBD fps=29.80 size=640x480 center=(320,240) depth=invalid XYZ=invalid valid=0/100[0m
[taskset-2] [0m[INFO] [1785191592.091446768] [air_ground_servo_node]: RGBD fps=30.01 size=640x480 center=(320,240) depth=invalid XYZ=invalid valid=0/100[0m
[taskset-2] [0m[INFO] [1785191594.092873552] [air_ground_servo_node]: RGBD fps=30.01 size=640x480 center=(320,240) depth=invalid XYZ=invalid valid=0/100[0m
[taskset-2] [0m[INFO] [1785191596.093564462] [air_ground_servo_node]: RGBD fps=30.08 size=640x480 center=(320,240) depth=invalid XYZ=invalid valid=0/100[0m
[taskset-2] [0m[INFO] [1785191598.120529582] [air_ground_servo_node]: RGBD fps=30.53 size=640x480 center=(320,240) depth=invalid XYZ=invalid valid=0/100[0m
[taskset-2] [0m[INFO] [1785191600.122229075] [air_ground_servo_node]: RGBD fps=30.42 size=640x480 center=(320,240) depth=invalid XYZ=invalid valid=0/100[0m
[taskset-2] [0m[INFO] [1785191602.123505943] [air_ground_servo_node]: RGBD fps=29.98 size=640x480 center=(320,240) depth=invalid XYZ=invalid valid=0/100[0m
[taskset-2] [0m[INFO] [1785191604.125410185] [air_ground_servo_node]: RGBD fps=29.99 size=640x480 center=(320,240) depth=invalid XYZ=invalid valid=0/100[0m
[taskset-2] [0m[INFO] [1785191606.127209137] [air_ground_servo_node]: RGBD fps=30.00 size=640x480 center=(320,240) depth=invalid XYZ=invalid valid=0/100[0m
[taskset-2] [0m[INFO] [1785191608.128002713] [air_ground_servo_node]: RGBD fps=30.84 size=640x480 center=(320,240) depth=invalid XYZ=invalid valid=0/100[0m
[taskset-2] [0m[INFO] [1785191610.128926955] [air_ground_servo_node]: RGBD fps=30.90 size=640x480 center=(320,240) depth=invalid XYZ=invalid valid=0/100[0m
[taskset-2] [0m[INFO] [1785191612.142134449] [air_ground_servo_node]: RGBD fps=29.87 size=640x480 center=(320,240) depth=invalid XYZ=invalid valid=0/100[0m
[taskset-2] [0m[INFO] [1785191614.177524362] [air_ground_servo_node]: RGBD fps=29.82 size=640x480 center=(320,240) depth=invalid XYZ=invalid valid=0/100[0m
[taskset-2] [0m[INFO] [1785191616.201161565] [air_ground_servo_node]: RGBD fps=30.10 size=640x480 center=(320,240) depth=invalid XYZ=invalid valid=0/100[0m
[taskset-2] [0m[INFO] [1785191618.213441559] [air_ground_servo_node]: RGBD fps=28.42 size=640x480 center=(320,240) depth=invalid XYZ=invalid valid=0/100[0m
[taskset-2] [0m[INFO] [1785191620.236736929] [air_ground_servo_node]: RGBD fps=30.75 size=640x480 center=(320,240) depth=invalid XYZ=invalid valid=0/100[0m
[taskset-2] [0m[INFO] [1785191622.240103881] [air_ground_servo_node]: RGBD fps=30.03 size=640x480 center=(320,240) depth=invalid XYZ=invalid valid=0/100[0m
[taskset-2] [0m[INFO] [1785191624.247366041] [air_ground_servo_node]: RGBD fps=29.87 size=640x480 center=(320,240) depth=invalid XYZ=invalid valid=0/100[0m
[taskset-2] [0m[INFO] [1785191626.249609783] [air_ground_servo_node]: RGBD fps=30.05 size=640x480 center=(320,240) depth=invalid XYZ=invalid valid=0/100[0m
[taskset-2] [0m[INFO] [1785191628.251413985] [air_ground_servo_node]: RGBD fps=30.02 size=640x480 center=(320,240) depth=invalid XYZ=invalid valid=0/100[0m
[taskset-2] [0m[INFO] [1785191630.277154396] [air_ground_servo_node]: RGBD fps=29.99 size=640x480 center=(320,240) depth=invalid XYZ=invalid valid=0/100[0m
[taskset-2] [0m[INFO] [1785191632.279625348] [air_ground_servo_node]: RGBD fps=29.99 size=640x480 center=(320,240) depth=invalid XYZ=invalid valid=0/100[0m
[taskset-2] [0m[INFO] [1785191634.288925966] [air_ground_servo_node]: RGBD fps=29.87 size=640x480 center=(320,240) depth=invalid XYZ=invalid valid=0/100[0m
[taskset-2] [0m[INFO] [1785191636.315884378] [air_ground_servo_node]: RGBD fps=30.00 size=640x480 center=(320,240) depth=invalid XYZ=invalid valid=0/100[0m
[taskset-2] [0m[INFO] [1785191638.316476121] [air_ground_servo_node]: RGBD fps=29.92 size=640x480 center=(320,240) depth=invalid XYZ=invalid valid=0/100[0m
[taskset-2] [0m[INFO] [1785191640.327497865] [air_ground_servo_node]: RGBD fps=29.92 size=640x480 center=(320,240) depth=0.164m XYZ=(-0.001,-0.002,0.164)m valid=6/100[0m
[taskset-2] [0m[INFO] [1785191642.361220319] [air_ground_servo_node]: RGBD fps=30.02 size=640x480 center=(320,240) depth=invalid XYZ=invalid valid=0/100[0m
[taskset-2] [0m[INFO] [1785191644.362950728] [air_ground_servo_node]: RGBD fps=29.99 size=640x480 center=(320,240) depth=invalid XYZ=invalid valid=0/100[0m
[taskset-2] [0m[INFO] [1785191646.562119366] [air_ground_servo_node]: RGBD fps=24.50 size=640x480 center=(320,240) depth=invalid XYZ=invalid valid=0/100[0m
[taskset-2] [0m[INFO] [1785191648.578458485] [air_ground_servo_node]: RGBD fps=20.28 size=640x480 center=(320,240) depth=invalid XYZ=invalid valid=0/100[0m
[taskset-2] [0m[INFO] [1785191650.601855355] [air_ground_servo_node]: RGBD fps=29.29 size=640x480 center=(320,240) depth=invalid XYZ=invalid valid=0/100[0m
[taskset-2] [0m[INFO] [1785191652.602419098] [air_ground_servo_node]: RGBD fps=30.04 size=640x480 center=(320,240) depth=invalid XYZ=invalid valid=0/100[0m
[taskset-2] [0m[INFO] [1785191654.603777632] [air_ground_servo_node]: RGBD fps=29.86 size=640x480 center=(320,240) depth=invalid XYZ=invalid valid=0/100[0m
[taskset-2] [0m[INFO] [1785191656.630176044] [air_ground_servo_node]: RGBD fps=30.18 size=640x480 center=(320,240) depth=invalid XYZ=invalid valid=0/100[0m
[taskset-2] [0m[INFO] [1785191658.640908455] [air_ground_servo_node]: RGBD fps=29.95 size=640x480 center=(320,240) depth=invalid XYZ=invalid valid=0/100[0m
[taskset-2] [0m[INFO] [1785191660.641681031] [air_ground_servo_node]: RGBD fps=29.95 size=640x480 center=(320,240) depth=invalid XYZ=invalid valid=0/100[0m
[taskset-2] [0m[INFO] [1785191662.643100232] [air_ground_servo_node]: RGBD fps=30.05 size=640x480 center=(320,240) depth=invalid XYZ=invalid valid=0/100[0m
[taskset-2] [0m[INFO] [1785191664.670209436] [air_ground_servo_node]: RGBD fps=30.10 size=640x480 center=(320,240) depth=invalid XYZ=invalid valid=0/100[0m
[taskset-2] [0m[INFO] [1785191666.679556137] [air_ground_servo_node]: RGBD fps=30.01 size=640x480 center=(320,240) depth=invalid XYZ=invalid valid=0/100[0m
[taskset-2] [0m[INFO] [1785191668.681214214] [air_ground_servo_node]: RGBD fps=30.04 size=640x480 center=(320,240) depth=invalid XYZ=invalid valid=0/100[0m
[taskset-2] [0m[INFO] [1785191670.682785956] [air_ground_servo_node]: RGBD fps=30.01 size=640x480 center=(320,240) depth=invalid XYZ=invalid valid=0/100[0m
[taskset-2] [0m[INFO] [1785191672.711757452] [air_ground_servo_node]: RGBD fps=30.08 size=640x480 center=(320,240) depth=invalid XYZ=invalid valid=0/100[0m
[taskset-2] [0m[INFO] [1785191674.718142570] [air_ground_servo_node]: RGBD fps=30.04 size=640x480 center=(320,240) depth=invalid XYZ=invalid valid=0/100[0m
[taskset-2] [0m[INFO] [1785191676.719342438] [air_ground_servo_node]: RGBD fps=30.08 size=640x480 center=(320,240) depth=invalid XYZ=invalid valid=0/100[0m
[taskset-2] [0m[INFO] [1785191678.746423350] [air_ground_servo_node]: RGBD fps=30.49 size=640x480 center=(320,240) depth=invalid XYZ=invalid valid=0/100[0m
[taskset-2] [0m[INFO] [1785191680.757417969] [air_ground_servo_node]: RGBD fps=30.04 size=640x480 center=(320,240) depth=invalid XYZ=invalid valid=0/100[0m
[taskset-2] [0m[INFO] [1785191682.757800003] [air_ground_servo_node]: RGBD fps=29.70 size=640x480 center=(320,240) depth=invalid XYZ=invalid valid=0/100[0m
[taskset-2] [0m[INFO] [1785191684.759352496] [air_ground_servo_node]: RGBD fps=30.01 size=640x480 center=(320,240) depth=invalid XYZ=invalid valid=0/100[0m
[taskset-2] [0m[INFO] [1785191686.763252905] [air_ground_servo_node]: RGBD fps=29.83 size=640x480 center=(320,240) depth=invalid XYZ=invalid valid=0/100[0m
[taskset-2] [0m[INFO] [1785191688.797446693] [air_ground_servo_node]: RGBD fps=29.94 size=640x480 center=(320,240) depth=invalid XYZ=invalid valid=0/100[0m
[taskset-2] [0m[INFO] [1785191690.830436189] [air_ground_servo_node]: RGBD fps=30.03 size=640x480 center=(320,240) depth=invalid XYZ=invalid valid=0/100[0m
[taskset-2] [0m[INFO] [1785191692.857042559] [air_ground_servo_node]: RGBD fps=29.37 size=640x480 center=(320,240) depth=invalid XYZ=invalid valid=0/100[0m
[taskset-2] [0m[INFO] [1785191694.866343470] [air_ground_servo_node]: RGBD fps=30.00 size=640x480 center=(320,240) depth=invalid XYZ=invalid valid=0/100[0m
[taskset-2] [0m[INFO] [1785191696.867503087] [air_ground_servo_node]: RGBD fps=30.08 size=640x480 center=(320,240) depth=invalid XYZ=invalid valid=0/100[0m
[taskset-2] [0m[INFO] [1785191698.870708164] [air_ground_servo_node]: RGBD fps=29.97 size=640x480 center=(320,240) depth=invalid XYZ=invalid valid=0/100[0m
[taskset-2] [0m[INFO] [1785191700.870784531] [air_ground_servo_node]: RGBD fps=30.06 size=640x480 center=(320,240) depth=invalid XYZ=invalid valid=0/100[0m
[taskset-2] [0m[INFO] [1785191702.873211732] [air_ground_servo_node]: RGBD fps=30.00 size=640x480 center=(320,240) depth=invalid XYZ=invalid valid=0/100[0m
[taskset-2] [0m[INFO] [1785191704.873817183] [air_ground_servo_node]: RGBD fps=30.06 size=640x480 center=(320,240) depth=invalid XYZ=invalid valid=0/100[0m
[taskset-2] [0m[INFO] [1785191706.903920346] [air_ground_servo_node]: RGBD fps=29.89 size=640x480 center=(320,240) depth=invalid XYZ=invalid valid=0/100[0m
[taskset-2] [0m[INFO] [1785191708.938814133] [air_ground_servo_node]: RGBD fps=29.82 size=640x480 center=(320,240) depth=invalid XYZ=invalid valid=0/100[0m
[taskset-2] [0m[INFO] [1785191710.945244752] [air_ground_servo_node]: RGBD fps=30.11 size=640x480 center=(320,240) depth=invalid XYZ=invalid valid=0/100[0m
[taskset-2] [0m[INFO] [1785191712.946636536] [air_ground_servo_node]: RGBD fps=30.03 size=640x480 center=(320,240) depth=invalid XYZ=invalid valid=0/100[0m
[taskset-2] [0m[INFO] [1785191714.962749614] [air_ground_servo_node]: RGBD fps=34.27 size=640x480 center=(320,240) depth=invalid XYZ=invalid valid=0/100[0m
[taskset-2] [0m[INFO] [1785191717.384436315] [air_ground_servo_node]: RGBD fps=30.83 size=640x480 center=(320,240) depth=invalid XYZ=invalid valid=0/100[0m
[taskset-2] [0m[INFO] [1785191719.385008808] [air_ground_servo_node]: RGBD fps=30.91 size=640x480 center=(320,240) depth=invalid XYZ=invalid valid=0/100[0m
[taskset-2] [0m[INFO] [1785191721.386729009] [air_ground_servo_node]: RGBD fps=30.07 size=640x480 center=(320,240) depth=invalid XYZ=invalid valid=0/100[0m
[taskset-2] [0m[INFO] [1785191723.412673296] [air_ground_servo_node]: RGBD fps=30.86 size=640x480 center=(320,240) depth=invalid XYZ=invalid valid=0/100[0m
[taskset-2] [0m[INFO] [1785191725.422185373] [air_ground_servo_node]: RGBD fps=30.02 size=640x480 center=(320,240) depth=invalid XYZ=invalid valid=0/100[0m
[taskset-2] [0m[INFO] [1785191727.424446033] [air_ground_servo_node]: RGBD fps=30.04 size=640x480 center=(320,240) depth=invalid XYZ=invalid valid=0/100[0m
[taskset-2] [0m[INFO] [1785191729.425947192] [air_ground_servo_node]: RGBD fps=30.04 size=640x480 center=(320,240) depth=invalid XYZ=invalid valid=0/100[0m
[taskset-2] [0m[INFO] [1785191731.427467601] [air_ground_servo_node]: RGBD fps=30.06 size=640x480 center=(320,240) depth=invalid XYZ=invalid valid=0/100[0m
[taskset-2] [0m[INFO] [1785191733.428522511] [air_ground_servo_node]: RGBD fps=29.97 size=640x480 center=(320,240) depth=invalid XYZ=invalid valid=0/100[0m
[taskset-2] [0m[INFO] [1785191735.455816631] [air_ground_servo_node]: RGBD fps=29.98 size=640x480 center=(320,240) depth=invalid XYZ=invalid valid=0/100[0m
[taskset-2] [0m[INFO] [1785191737.456744374] [air_ground_servo_node]: RGBD fps=29.95 size=640x480 center=(320,240) depth=invalid XYZ=invalid valid=0/100[0m
[taskset-2] [0m[INFO] [1785191739.468615743] [air_ground_servo_node]: RGBD fps=29.06 size=640x480 center=(320,240) depth=invalid XYZ=invalid valid=0/100[0m
[taskset-2] [0m[INFO] [1785191741.493353988] [air_ground_servo_node]: RGBD fps=29.57 size=640x480 center=(320,240) depth=invalid XYZ=invalid valid=0/100[0m
[taskset-2] [0m[INFO] [1785191743.504495023] [air_ground_servo_node]: RGBD fps=30.23 size=640x480 center=(320,240) depth=invalid XYZ=invalid valid=0/100[0m
[taskset-2] [0m[INFO] [1785191745.539984103] [air_ground_servo_node]: RGBD fps=29.89 size=640x480 center=(320,240) depth=invalid XYZ=invalid valid=0/100[0m
[taskset-2] [0m[INFO] [1785191747.572726265] [air_ground_servo_node]: RGBD fps=30.04 size=640x480 center=(320,240) depth=invalid XYZ=invalid valid=0/100[0m
[taskset-2] [0m[INFO] [1785191749.574766425] [air_ground_servo_node]: RGBD fps=29.94 size=640x480 center=(320,240) depth=invalid XYZ=invalid valid=0/100[0m
[taskset-2] [0m[INFO] [1785191751.575556209] [air_ground_servo_node]: RGBD fps=30.08 size=640x480 center=(320,240) depth=0.166m XYZ=(-0.001,-0.002,0.166)m valid=99/100[0m
[taskset-2] [0m[INFO] [1785191753.576402577] [air_ground_servo_node]: RGBD fps=30.14 size=640x480 center=(320,240) depth=0.165m XYZ=(-0.001,-0.002,0.165)m valid=3/100[0m
[taskset-2] [0m[INFO] [1785191755.577546153] [air_ground_servo_node]: RGBD fps=30.07 size=640x480 center=(320,240) depth=invalid XYZ=invalid valid=0/100[0m
[taskset-2] [0m[INFO] [1785191757.580332687] [air_ground_servo_node]: RGBD fps=29.98 size=640x480 center=(320,240) depth=invalid XYZ=invalid valid=0/100[0m
[taskset-2] [0m[INFO] [1785191759.580706847] [air_ground_servo_node]: RGBD fps=30.04 size=640x480 center=(320,240) depth=0.165m XYZ=(-0.001,-0.002,0.165)m valid=4/100[0m
[taskset-2] [0m[INFO] [1785191761.584608131] [air_ground_servo_node]: RGBD fps=29.84 size=640x480 center=(320,240) depth=0.165m XYZ=(-0.001,-0.002,0.165)m valid=67/100[0m
[taskset-2] [0m[INFO] [1785191763.609729043] [air_ground_servo_node]: RGBD fps=31.02 size=640x480 center=(320,240) depth=invalid XYZ=invalid valid=0/100[0m
[taskset-2] [0m[INFO] [1785191765.610348786] [air_ground_servo_node]: RGBD fps=30.02 size=640x480 center=(320,240) depth=0.166m XYZ=(-0.001,-0.002,0.166)m valid=59/100[0m
[taskset-2] [0m[INFO] [1785191767.611829820] [air_ground_servo_node]: RGBD fps=29.99 size=640x480 center=(320,240) depth=invalid XYZ=invalid valid=0/100[0m
[taskset-2] [0m[INFO] [1785191769.613868813] [air_ground_servo_node]: RGBD fps=30.01 size=640x480 center=(320,240) depth=0.165m XYZ=(-0.001,-0.002,0.165)m valid=33/100[0m
[taskset-2] [0m[INFO] [1785191771.623024473] [air_ground_servo_node]: RGBD fps=30.03 size=640x480 center=(320,240) depth=invalid XYZ=invalid valid=0/100[0m
[taskset-2] [0m[INFO] [1785191773.625815966] [air_ground_servo_node]: RGBD fps=29.99 size=640x480 center=(320,240) depth=invalid XYZ=invalid valid=0/100[0m
[taskset-2] [0m[INFO] [1785191775.626558209] [air_ground_servo_node]: RGBD fps=30.02 size=640x480 center=(320,240) depth=0.166m XYZ=(-0.001,-0.002,0.166)m valid=22/100[0m
[taskset-2] [0m[INFO] [1785191777.628362994] [air_ground_servo_node]: RGBD fps=29.73 size=640x480 center=(320,240) depth=0.165m XYZ=(-0.001,-0.002,0.165)m valid=33/100[0m
[taskset-2] [0m[INFO] [1785191779.629094736] [air_ground_servo_node]: RGBD fps=29.83 size=640x480 center=(320,240) depth=0.165m XYZ=(-0.001,-0.002,0.165)m valid=66/100[0m
[taskset-2] [0m[INFO] [1785191781.631049146] [air_ground_servo_node]: RGBD fps=30.05 size=640x480 center=(320,240) depth=invalid XYZ=invalid valid=0/100[0m
[taskset-2] [0m[INFO] [1785191785.393499065] [air_ground_servo_node]: RGBD fps=26.48 size=640x480 center=(320,240) depth=invalid XYZ=invalid valid=0/100[0m
[taskset-2] [0m[INFO] [1785191787.493445610] [air_ground_servo_node]: RGBD fps=19.82 size=640x480 center=(320,240) depth=invalid XYZ=invalid valid=0/100[0m
[taskset-2] [0m[INFO] [1785191789.494670852] [air_ground_servo_node]: RGBD fps=28.62 size=640x480 center=(320,240) depth=invalid XYZ=invalid valid=0/100[0m
[taskset-2] [0m[INFO] [1785191791.504585429] [air_ground_servo_node]: RGBD fps=29.51 size=640x480 center=(320,240) depth=invalid XYZ=invalid valid=0/100[0m
[taskset-2] [0m[INFO] [1785191793.508960964] [air_ground_servo_node]: RGBD fps=29.82 size=640x480 center=(320,240) depth=invalid XYZ=invalid valid=0/100[0m
[taskset-2] [0m[INFO] [1785191795.540402877] [air_ground_servo_node]: RGBD fps=29.87 size=640x480 center=(320,240) depth=invalid XYZ=invalid valid=0/100[0m
[taskset-2] [0m[INFO] [1785191797.541950994] [air_ground_servo_node]: RGBD fps=30.11 size=640x480 center=(320,240) depth=invalid XYZ=invalid valid=0/100[0m
[taskset-2] [0m[INFO] [1785191799.544545029] [air_ground_servo_node]: RGBD fps=29.98 size=640x480 center=(320,240) depth=invalid XYZ=invalid valid=0/100[0m
[taskset-2] [0m[INFO] [1785191801.545303897] [air_ground_servo_node]: RGBD fps=29.65 size=640x480 center=(320,240) depth=0.167m XYZ=(-0.001,-0.002,0.167)m valid=34/100[0m
[taskset-2] [0m[INFO] [1785191803.546736806] [air_ground_servo_node]: RGBD fps=29.88 size=640x480 center=(320,240) depth=0.166m XYZ=(-0.001,-0.002,0.166)m valid=85/100[0m
[taskset-2] [0m[INFO] [1785191805.573462468] [air_ground_servo_node]: RGBD fps=30.71 size=640x480 center=(320,240) depth=0.167m XYZ=(-0.001,-0.002,0.167)m valid=4/100[0m
[taskset-2] [0m[INFO] [1785191807.575519836] [air_ground_servo_node]: RGBD fps=30.00 size=640x480 center=(320,240) depth=invalid XYZ=invalid valid=0/100[0m
[taskset-2] [0m[INFO] [1785191809.585401163] [air_ground_servo_node]: RGBD fps=29.98 size=640x480 center=(320,240) depth=invalid XYZ=invalid valid=0/100[0m
[taskset-2] [0m[INFO] [1785191811.611649658] [air_ground_servo_node]: RGBD fps=29.82 size=640x480 center=(320,240) depth=invalid XYZ=invalid valid=0/100[0m
[taskset-2] [0m[INFO] [1785191813.620681652] [air_ground_servo_node]: RGBD fps=30.09 size=640x480 center=(320,240) depth=0.167m XYZ=(-0.001,-0.002,0.167)m valid=94/100[0m
[taskset-2] [0m[INFO] [1785191815.648428730] [air_ground_servo_node]: RGBD fps=30.75 size=640x480 center=(320,240) depth=0.167m XYZ=(-0.001,-0.002,0.167)m valid=75/100[0m
[taskset-2] [0m[INFO] [1785191817.650475890] [air_ground_servo_node]: RGBD fps=29.94 size=640x480 center=(320,240) depth=0.167m XYZ=(-0.001,-0.002,0.167)m valid=41/100[0m
[taskset-2] [0m[INFO] [1785191819.660213425] [air_ground_servo_node]: RGBD fps=30.15 size=640x480 center=(320,240) depth=invalid XYZ=invalid valid=0/100[0m
[taskset-2] [0m[INFO] [1785191821.666605835] [air_ground_servo_node]: RGBD fps=29.74 size=640x480 center=(320,240) depth=invalid XYZ=invalid valid=0/100[0m
[taskset-2] [0m[INFO] [1785191823.701171789] [air_ground_servo_node]: RGBD fps=29.80 size=640x480 center=(320,240) depth=invalid XYZ=invalid valid=0/100[0m
[taskset-2] [0m[INFO] [1785191825.731490785] [air_ground_servo_node]: RGBD fps=30.00 size=640x480 center=(320,240) depth=invalid XYZ=invalid valid=0/100[0m
[taskset-2] [0m[INFO] [1785191827.731493653] [air_ground_servo_node]: RGBD fps=30.01 size=640x480 center=(320,240) depth=0.167m XYZ=(-0.001,-0.002,0.167)m valid=6/100[0m
[taskset-2] [0m[INFO] [1785191829.758156315] [air_ground_servo_node]: RGBD fps=30.61 size=640x480 center=(320,240) depth=0.167m XYZ=(-0.001,-0.002,0.167)m valid=32/100[0m
[taskset-2] [0m[INFO] [1785191831.760401516] [air_ground_servo_node]: RGBD fps=29.88 size=640x480 center=(320,240) depth=0.168m XYZ=(-0.001,-0.002,0.168)m valid=6/100[0m
[taskset-2] [0m[INFO] [1785191833.760767800] [air_ground_servo_node]: RGBD fps=30.02 size=640x480 center=(320,240) depth=0.167m XYZ=(-0.001,-0.002,0.167)m valid=46/100[0m
[taskset-2] [0m[INFO] [1785191835.770247210] [air_ground_servo_node]: RGBD fps=29.15 size=640x480 center=(320,240) depth=invalid XYZ=invalid valid=0/100[0m
[taskset-2] [0m[INFO] [1785191837.774886995] [air_ground_servo_node]: RGBD fps=30.14 size=640x480 center=(320,240) depth=invalid XYZ=invalid valid=0/100[0m
[taskset-2] [0m[INFO] [1785191839.804897991] [air_ground_servo_node]: RGBD fps=29.78 size=640x480 center=(320,240) depth=0.247m XYZ=(-0.002,-0.004,0.247)m valid=100/100[0m
[taskset-2] [0m[INFO] [1785191841.805829525] [air_ground_servo_node]: RGBD fps=30.13 size=640x480 center=(320,240) depth=0.374m XYZ=(-0.003,-0.005,0.374)m valid=100/100[0m
[taskset-2] [0m[INFO] [1785191843.806133101] [air_ground_servo_node]: RGBD fps=29.91 size=640x480 center=(320,240) depth=0.202m XYZ=(-0.002,-0.003,0.202)m valid=100/100[0m
[taskset-2] [0m[INFO] [1785191845.809357427] [air_ground_servo_node]: RGBD fps=30.23 size=640x480 center=(320,240) depth=0.268m XYZ=(-0.002,-0.004,0.268)m valid=100/100[0m
[taskset-2] [0m[INFO] [1785191847.810987212] [air_ground_servo_node]: RGBD fps=29.97 size=640x480 center=(320,240) depth=0.380m XYZ=(-0.003,-0.005,0.380)m valid=100/100[0m
[taskset-2] [0m[INFO] [1785191849.814723122] [air_ground_servo_node]: RGBD fps=29.49 size=640x480 center=(320,240) depth=0.405m XYZ=(-0.003,-0.006,0.405)m valid=72/100[0m
[taskset-2] [0m[INFO] [1785191851.849572868] [air_ground_servo_node]: RGBD fps=27.34 size=640x480 center=(320,240) depth=0.385m XYZ=(-0.003,-0.006,0.385)m valid=100/100[0m
[taskset-2] [0m[INFO] [1785191853.882876489] [air_ground_servo_node]: RGBD fps=29.27 size=640x480 center=(320,240) depth=invalid XYZ=invalid valid=0/100[0m
[taskset-2] [0m[INFO] [1785191856.384211240] [air_ground_servo_node]: RGBD fps=26.83 size=640x480 center=(320,240) depth=invalid XYZ=invalid valid=0/100[0m
[taskset-2] [0m[INFO] [1785191859.561829476] [air_ground_servo_node]: RGBD fps=24.18 size=640x480 center=(320,240) depth=invalid XYZ=invalid valid=0/100[0m
[taskset-2] [0m[INFO] [1785191862.129929651] [air_ground_servo_node]: RGBD fps=19.34 size=640x480 center=(320,240) depth=invalid XYZ=invalid valid=0/100[0m
[taskset-2] [0m[INFO] [1785191864.131478060] [air_ground_servo_node]: RGBD fps=28.10 size=640x480 center=(320,240) depth=0.465m XYZ=(-0.004,-0.007,0.465)m valid=100/100[0m
[taskset-2] [0m[INFO] [1785191866.161181639] [air_ground_servo_node]: RGBD fps=29.93 size=640x480 center=(320,240) depth=0.399m XYZ=(-0.003,-0.006,0.399)m valid=100/100[0m
[taskset-2] [0m[INFO] [1785191868.194677177] [air_ground_servo_node]: RGBD fps=29.83 size=640x480 center=(320,240) depth=0.424m XYZ=(-0.003,-0.006,0.424)m valid=100/100[0m
[taskset-2] [0m[INFO] [1785191870.197717753] [air_ground_servo_node]: RGBD fps=29.77 size=640x480 center=(320,240) depth=0.434m XYZ=(-0.003,-0.006,0.434)m valid=100/100[0m
[taskset-2] [0m[INFO] [1785191872.199633371] [air_ground_servo_node]: RGBD fps=29.52 size=640x480 center=(320,240) depth=0.408m XYZ=(-0.003,-0.006,0.408)m valid=100/100[0m
[taskset-2] [0m[INFO] [1785191874.230085075] [air_ground_servo_node]: RGBD fps=30.03 size=640x480 center=(320,240) depth=0.402m XYZ=(-0.003,-0.006,0.402)m valid=100/100[0m
[taskset-2] [0m[INFO] [1785191876.231528484] [air_ground_servo_node]: RGBD fps=29.99 size=640x480 center=(320,240) depth=0.402m XYZ=(-0.003,-0.006,0.402)m valid=100/100[0m
[taskset-2] [0m[INFO] [1785191878.232790477] [air_ground_servo_node]: RGBD fps=29.73 size=640x480 center=(320,240) depth=0.400m XYZ=(-0.003,-0.006,0.400)m valid=100/100[0m
[taskset-2] [0m[INFO] [1785191880.233738053] [air_ground_servo_node]: RGBD fps=28.71 size=640x480 center=(320,240) depth=0.403m XYZ=(-0.003,-0.006,0.403)m valid=100/100[0m
[taskset-2] [0m[INFO] [1785191882.239328379] [air_ground_servo_node]: RGBD fps=29.90 size=640x480 center=(320,240) depth=invalid XYZ=invalid valid=0/100[0m
[taskset-2] [0m[INFO] [1785191884.240485956] [air_ground_servo_node]: RGBD fps=29.98 size=640x480 center=(320,240) depth=invalid XYZ=invalid valid=0/100[0m
[taskset-2] [0m[INFO] [1785191886.265869076] [air_ground_servo_node]: RGBD fps=29.99 size=640x480 center=(320,240) depth=invalid XYZ=invalid valid=0/100[0m
[taskset-2] [0m[INFO] [1785191888.276002694] [air_ground_servo_node]: RGBD fps=30.12 size=640x480 center=(320,240) depth=invalid XYZ=invalid valid=0/100[0m
[taskset-2] [0m[INFO] [1785191891.033744555] [air_ground_servo_node]: RGBD fps=24.61 size=640x480 center=(320,240) depth=invalid XYZ=invalid valid=0/100[0m
[taskset-2] [0m[INFO] [1785191893.223077608] [air_ground_servo_node]: RGBD fps=27.82 size=640x480 center=(320,240) depth=invalid XYZ=invalid valid=0/100[0m
[taskset-2] [0m[INFO] [1785191895.382076158] [air_ground_servo_node]: RGBD fps=22.77 size=640x480 center=(320,240) depth=0.319m XYZ=(-0.003,-0.005,0.319)m valid=100/100[0m
[taskset-2] [0m[INFO] [1785191897.413291154] [air_ground_servo_node]: RGBD fps=29.85 size=640x480 center=(320,240) depth=0.332m XYZ=(-0.003,-0.005,0.332)m valid=100/100[0m
[taskset-2] [0m[INFO] [1785191899.423616981] [air_ground_servo_node]: RGBD fps=35.60 size=640x480 center=(320,240) depth=0.342m XYZ=(-0.003,-0.005,0.342)m valid=100/100[0m
[taskset-2] [0m[INFO] [1785191902.004481657] [air_ground_servo_node]: RGBD fps=34.68 size=640x480 center=(320,240) depth=0.321m XYZ=(-0.003,-0.005,0.321)m valid=100/100[0m
[taskset-2] [0m[INFO] [1785191904.944580244] [air_ground_servo_node]: RGBD fps=28.23 size=640x480 center=(320,240) depth=0.327m XYZ=(-0.003,-0.005,0.327)m valid=100/100[0m
[taskset-2] [0m[INFO] [1785191906.953447154] [air_ground_servo_node]: RGBD fps=29.84 size=640x480 center=(320,240) depth=0.343m XYZ=(-0.003,-0.005,0.343)m valid=100/100[0m
[taskset-2] [0m[INFO] [1785191908.955386106] [air_ground_servo_node]: RGBD fps=30.01 size=640x480 center=(320,240) depth=0.373m XYZ=(-0.003,-0.005,0.373)m valid=100/100[0m
[taskset-2] [0m[INFO] [1785191910.957184182] [air_ground_servo_node]: RGBD fps=30.05 size=640x480 center=(320,240) depth=0.397m XYZ=(-0.003,-0.006,0.397)m valid=100/100[0m
[taskset-2] [0m[INFO] [1785191912.960188300] [air_ground_servo_node]: RGBD fps=27.19 size=640x480 center=(320,240) depth=0.390m XYZ=(-0.003,-0.006,0.390)m valid=86/100[0m
[taskset-2] [0m[INFO] [1785191914.961785417] [air_ground_servo_node]: RGBD fps=29.50 size=640x480 center=(320,240) depth=0.383m XYZ=(-0.003,-0.005,0.383)m valid=99/100[0m
[taskset-2] [0m[INFO] [1785191916.995172163] [air_ground_servo_node]: RGBD fps=26.71 size=640x480 center=(320,240) depth=0.367m XYZ=(-0.003,-0.005,0.367)m valid=100/100[0m
[taskset-2] [0m[INFO] [1785191918.995906239] [air_ground_servo_node]: RGBD fps=30.17 size=640x480 center=(320,240) depth=0.350m XYZ=(-0.003,-0.005,0.350)m valid=100/100[0m
[taskset-2] [0m[INFO] [1785191921.000234816] [air_ground_servo_node]: RGBD fps=29.88 size=640x480 center=(320,240) depth=0.340m XYZ=(-0.003,-0.005,0.340)m valid=100/100[0m
[taskset-2] [0m[INFO] [1785191923.026737353] [air_ground_servo_node]: RGBD fps=27.16 size=640x480 center=(320,240) depth=0.351m XYZ=(-0.003,-0.005,0.351)m valid=100/100[0m
[taskset-2] [0m[INFO] [1785191925.034396179] [air_ground_servo_node]: RGBD fps=38.45 size=640x480 center=(320,240) depth=0.344m XYZ=(-0.003,-0.005,0.344)m valid=100/100[0m
[taskset-2] [0m[INFO] [1785191927.035636297] [air_ground_servo_node]: RGBD fps=28.84 size=640x480 center=(320,240) depth=0.293m XYZ=(-0.002,-0.004,0.293)m valid=100/100[0m
[taskset-2] [0m[INFO] [1785191929.036323998] [air_ground_servo_node]: RGBD fps=29.99 size=640x480 center=(320,240) depth=0.350m XYZ=(-0.003,-0.005,0.350)m valid=100/100[0m
[taskset-2] [0m[INFO] [1785191931.065466119] [air_ground_servo_node]: RGBD fps=30.26 size=640x480 center=(320,240) depth=invalid XYZ=invalid valid=0/100[0m
[taskset-2] [0m[INFO] [1785191933.075699779] [air_ground_servo_node]: RGBD fps=29.95 size=640x480 center=(320,240) depth=invalid XYZ=invalid valid=0/100[0m
[taskset-2] [0m[INFO] [1785191935.101779691] [air_ground_servo_node]: RGBD fps=30.02 size=640x480 center=(320,240) depth=invalid XYZ=invalid valid=0/100[0m
[taskset-2] [0m[INFO] [1785191937.110684518] [air_ground_servo_node]: RGBD fps=30.08 size=640x480 center=(320,240) depth=invalid XYZ=invalid valid=0/100[0m
[taskset-2] [0m[INFO] [1785191939.112371177] [air_ground_servo_node]: RGBD fps=30.07 size=640x480 center=(320,240) depth=invalid XYZ=invalid valid=0/100[0m
[taskset-2] [0m[INFO] [1785191941.114362337] [air_ground_servo_node]: RGBD fps=30.14 size=640x480 center=(320,240) depth=invalid XYZ=invalid valid=0/100[0m
[taskset-2] [0m[INFO] [1785191943.116125705] [air_ground_servo_node]: RGBD fps=30.13 size=640x480 center=(320,240) depth=invalid XYZ=invalid valid=0/100[0m
[taskset-2] [0m[INFO] [1785191945.116639572] [air_ground_servo_node]: RGBD fps=30.09 size=640x480 center=(320,240) depth=invalid XYZ=invalid valid=0/100[0m
[taskset-2] [0m[INFO] [1785191947.118175148] [air_ground_servo_node]: RGBD fps=27.85 size=640x480 center=(320,240) depth=invalid XYZ=invalid valid=0/100[0m
[taskset-2] [0m[INFO] [1785191949.120961975] [air_ground_servo_node]: RGBD fps=32.17 size=640x480 center=(320,240) depth=invalid XYZ=invalid valid=0/100[0m
[taskset-2] [0m[INFO] [1785191951.294104026] [air_ground_servo_node]: RGBD fps=18.74 size=640x480 center=(320,240) depth=invalid XYZ=invalid valid=0/100[0m
[taskset-2] [0m[INFO] [1785191953.316845521] [air_ground_servo_node]: RGBD fps=30.30 size=640x480 center=(320,240) depth=invalid XYZ=invalid valid=0/100[0m
[taskset-2] [0m[INFO] [1785191955.326347973] [air_ground_servo_node]: RGBD fps=34.22 size=640x480 center=(320,240) depth=invalid XYZ=invalid valid=0/100[0m
[taskset-2] [0m[INFO] [1785191957.327016424] [air_ground_servo_node]: RGBD fps=29.95 size=640x480 center=(320,240) depth=invalid XYZ=invalid valid=0/100[0m
[taskset-2] [0m[INFO] [1785191959.352656794] [air_ground_servo_node]: RGBD fps=30.31 size=640x480 center=(320,240) depth=invalid XYZ=invalid valid=0/100[0m
[taskset-2] [0m[INFO] [1785191961.364812538] [air_ground_servo_node]: RGBD fps=29.67 size=640x480 center=(320,240) depth=invalid XYZ=invalid valid=0/100[0m
[taskset-2] [0m[INFO] [1785191963.390185742] [air_ground_servo_node]: RGBD fps=29.41 size=640x480 center=(320,240) depth=invalid XYZ=invalid valid=0/100[0m
[taskset-2] [0m[INFO] [1785191965.391238901] [air_ground_servo_node]: RGBD fps=30.15 size=640x480 center=(320,240) depth=invalid XYZ=invalid valid=0/100[0m
[taskset-2] [0m[INFO] [1785191967.400187478] [air_ground_servo_node]: RGBD fps=30.16 size=640x480 center=(320,240) depth=invalid XYZ=invalid valid=0/100[0m
[taskset-2] [0m[INFO] [1785191969.435769016] [air_ground_servo_node]: RGBD fps=29.95 size=640x480 center=(320,240) depth=0.346m XYZ=(-0.003,-0.005,0.346)m valid=100/100[0m
[taskset-2] [0m[INFO] [1785191971.467560053] [air_ground_servo_node]: RGBD fps=30.03 size=640x480 center=(320,240) depth=0.336m XYZ=(-0.003,-0.005,0.336)m valid=100/100[0m
[taskset-2] [0m[INFO] [1785191973.469909671] [air_ground_servo_node]: RGBD fps=30.00 size=640x480 center=(320,240) depth=0.435m XYZ=(-0.003,-0.006,0.435)m valid=98/100[0m
[taskset-2] [0m[INFO] [1785191975.471777456] [air_ground_servo_node]: RGBD fps=30.10 size=640x480 center=(320,240) depth=0.782m XYZ=(-0.006,-0.011,0.782)m valid=100/100[0m
[taskset-2] [0m[INFO] [1785191977.472866198] [air_ground_servo_node]: RGBD fps=29.99 size=640x480 center=(320,240) depth=0.746m XYZ=(-0.006,-0.011,0.746)m valid=100/100[0m
[taskset-2] [0m[INFO] [1785191979.474424524] [air_ground_servo_node]: RGBD fps=30.01 size=640x480 center=(320,240) depth=0.724m XYZ=(-0.006,-0.010,0.724)m valid=100/100[0m
[taskset-2] [0m[INFO] [1785191981.475872017] [air_ground_servo_node]: RGBD fps=30.00 size=640x480 center=(320,240) depth=0.562m XYZ=(-0.004,-0.008,0.562)m valid=100/100[0m
[taskset-2] [0m[INFO] [1785191983.505017638] [air_ground_servo_node]: RGBD fps=30.04 size=640x480 center=(320,240) depth=invalid XYZ=invalid valid=0/100[0m
[taskset-2] [0m[INFO] [1785191985.508883047] [air_ground_servo_node]: RGBD fps=29.93 size=640x480 center=(320,240) depth=invalid XYZ=invalid valid=0/100[0m
[taskset-2] [0m[INFO] [1785191987.516119249] [air_ground_servo_node]: RGBD fps=30.10 size=640x480 center=(320,240) depth=invalid XYZ=invalid valid=0/100[0m
[taskset-2] [0m[INFO] [1785191989.517602617] [air_ground_servo_node]: RGBD fps=30.12 size=640x480 center=(320,240) depth=0.169m XYZ=(-0.001,-0.002,0.169)m valid=45/100[0m
[taskset-2] [0m[INFO] [1785191991.522766818] [air_ground_servo_node]: RGBD fps=29.72 size=640x480 center=(320,240) depth=invalid XYZ=invalid valid=0/100[0m
[taskset-2] [0m[INFO] [1785191993.553982981] [air_ground_servo_node]: RGBD fps=30.10 size=640x480 center=(320,240) depth=0.168m XYZ=(-0.001,-0.002,0.168)m valid=61/100[0m
[taskset-2] [0m[INFO] [1785191995.582556935] [air_ground_servo_node]: RGBD fps=29.99 size=640x480 center=(320,240) depth=0.168m XYZ=(-0.001,-0.002,0.168)m valid=72/100[0m
[taskset-2] [0m[INFO] [1785191997.615585514] [air_ground_servo_node]: RGBD fps=35.03 size=640x480 center=(320,240) depth=0.168m XYZ=(-0.001,-0.002,0.168)m valid=56/100[0m
[taskset-2] [0m[INFO] [1785191999.618359507] [air_ground_servo_node]: RGBD fps=30.55 size=640x480 center=(320,240) depth=0.168m XYZ=(-0.001,-0.002,0.168)m valid=90/100[0m
[taskset-2] [0m[INFO] [1785192001.626543042] [air_ground_servo_node]: RGBD fps=30.00 size=640x480 center=(320,240) depth=0.167m XYZ=(-0.001,-0.002,0.167)m valid=81/100[0m
[taskset-2] [0m[INFO] [1785192003.653322954] [air_ground_servo_node]: RGBD fps=30.09 size=640x480 center=(320,240) depth=0.168m XYZ=(-0.001,-0.002,0.168)m valid=88/100[0m
[taskset-2] [0m[INFO] [1785192005.663396489] [air_ground_servo_node]: RGBD fps=30.02 size=640x480 center=(320,240) depth=0.168m XYZ=(-0.001,-0.002,0.168)m valid=90/100[0m
[taskset-2] [0m[INFO] [1785192007.664495148] [air_ground_servo_node]: RGBD fps=29.81 size=640x480 center=(320,240) depth=0.168m XYZ=(-0.001,-0.002,0.168)m valid=73/100[0m
[taskset-2] [0m[INFO] [1785192009.667217516] [air_ground_servo_node]: RGBD fps=29.98 size=640x480 center=(320,240) depth=invalid XYZ=invalid valid=0/100[0m
[taskset-2] [0m[INFO] [1785192011.692120553] [air_ground_servo_node]: RGBD fps=30.07 size=640x480 center=(320,240) depth=invalid XYZ=invalid valid=0/100[0m
[taskset-2] [0m[INFO] [1785192013.703318172] [air_ground_servo_node]: RGBD fps=29.84 size=640x480 center=(320,240) depth=invalid XYZ=invalid valid=0/100[0m
[taskset-2] [0m[INFO] [1785192015.704436081] [air_ground_servo_node]: RGBD fps=30.10 size=640x480 center=(320,240) depth=invalid XYZ=invalid valid=0/100[0m
[taskset-2] [0m[INFO] [1785192017.731712702] [air_ground_servo_node]: RGBD fps=29.96 size=640x480 center=(320,240) depth=invalid XYZ=invalid valid=0/100[0m
[taskset-2] [0m[INFO] [1785192019.741064945] [air_ground_servo_node]: RGBD fps=30.06 size=640x480 center=(320,240) depth=invalid XYZ=invalid valid=0/100[0m
[taskset-2] [0m[INFO] [1785192021.741716188] [air_ground_servo_node]: RGBD fps=29.77 size=640x480 center=(320,240) depth=invalid XYZ=invalid valid=0/100[0m
[taskset-2] [0m[INFO] [1785192023.743267806] [air_ground_servo_node]: RGBD fps=29.99 size=640x480 center=(320,240) depth=invalid XYZ=invalid valid=0/100[0m
[taskset-2] [0m[INFO] [1785192025.744582007] [air_ground_servo_node]: RGBD fps=29.97 size=640x480 center=(320,240) depth=invalid XYZ=invalid valid=0/100[0m
[taskset-2] [0m[INFO] [1785192027.747447583] [air_ground_servo_node]: RGBD fps=30.01 size=640x480 center=(320,240) depth=invalid XYZ=invalid valid=0/100[0m
[taskset-2] [0m[INFO] [1785192029.749921159] [air_ground_servo_node]: RGBD fps=29.91 size=640x480 center=(320,240) depth=invalid XYZ=invalid valid=0/100[0m
[taskset-2] [0m[INFO] [1785192031.752129902] [air_ground_servo_node]: RGBD fps=29.86 size=640x480 center=(320,240) depth=0.167m XYZ=(-0.001,-0.002,0.167)m valid=3/100[0m
[taskset-2] [0m[INFO] [1785192033.784694148] [air_ground_servo_node]: RGBD fps=30.00 size=640x480 center=(320,240) depth=invalid XYZ=invalid valid=0/100[0m
[taskset-2] [0m[INFO] [1785192035.786250724] [air_ground_servo_node]: RGBD fps=30.06 size=640x480 center=(320,240) depth=0.167m XYZ=(-0.001,-0.002,0.167)m valid=6/100[0m
[taskset-2] [0m[INFO] [1785192037.786779175] [air_ground_servo_node]: RGBD fps=30.05 size=640x480 center=(320,240) depth=0.167m XYZ=(-0.001,-0.002,0.167)m valid=12/100[0m
[taskset-2] [0m[INFO] [1785192039.788939793] [air_ground_servo_node]: RGBD fps=30.05 size=640x480 center=(320,240) depth=invalid XYZ=invalid valid=0/100[0m
[taskset-2] [0m[INFO] [1785192041.790348202] [air_ground_servo_node]: RGBD fps=30.06 size=640x480 center=(320,240) depth=0.167m XYZ=(-0.001,-0.002,0.167)m valid=3/100[0m
[taskset-2] [0m[INFO] [1785192043.818492239] [air_ground_servo_node]: RGBD fps=30.31 size=640x480 center=(320,240) depth=invalid XYZ=invalid valid=0/100[0m
[taskset-2] [0m[INFO] [1785192045.850547235] [air_ground_servo_node]: RGBD fps=29.97 size=640x480 center=(320,240) depth=0.167m XYZ=(-0.001,-0.002,0.167)m valid=29/100[0m
[taskset-2] [0m[INFO] [1785192047.852974145] [air_ground_servo_node]: RGBD fps=30.02 size=640x480 center=(320,240) depth=0.168m XYZ=(-0.001,-0.002,0.168)m valid=33/100[0m
[taskset-2] [0m[INFO] [1785192049.854078638] [air_ground_servo_node]: RGBD fps=30.03 size=640x480 center=(320,240) depth=invalid XYZ=invalid valid=0/100[0m
[taskset-2] [0m[INFO] [1785192051.864397173] [air_ground_servo_node]: RGBD fps=29.70 size=640x480 center=(320,240) depth=0.167m XYZ=(-0.001,-0.002,0.167)m valid=8/100[0m
[taskset-2] [0m[INFO] [1785192053.890656751] [air_ground_servo_node]: RGBD fps=30.02 size=640x480 center=(320,240) depth=invalid XYZ=invalid valid=0/100[0m
[taskset-2] [0m[INFO] [1785192055.892273994] [air_ground_servo_node]: RGBD fps=29.55 size=640x480 center=(320,240) depth=invalid XYZ=invalid valid=0/100[0m
[taskset-2] [0m[INFO] [1785192057.893997404] [air_ground_servo_node]: RGBD fps=30.19 size=640x480 center=(320,240) depth=invalid XYZ=invalid valid=0/100[0m
[taskset-2] [0m[INFO] [1785192059.894189855] [air_ground_servo_node]: RGBD fps=29.99 size=640x480 center=(320,240) depth=invalid XYZ=invalid valid=0/100[0m
[taskset-2] [0m[INFO] [1785192061.904516557] [air_ground_servo_node]: RGBD fps=30.07 size=640x480 center=(320,240) depth=invalid XYZ=invalid valid=0/100[0m
[taskset-2] [0m[INFO] [1785192063.907958466] [air_ground_servo_node]: RGBD fps=29.34 size=640x480 center=(320,240) depth=invalid XYZ=invalid valid=0/100[0m
[taskset-2] [0m[INFO] [1785192065.915715585] [air_ground_servo_node]: RGBD fps=23.50 size=640x480 center=(320,240) depth=0.168m XYZ=(-0.001,-0.002,0.168)m valid=67/100[0m
[taskset-2] [0m[INFO] [1785192067.942372997] [air_ground_servo_node]: RGBD fps=30.09 size=640x480 center=(320,240) depth=0.167m XYZ=(-0.001,-0.002,0.167)m valid=12/100[0m
[taskset-2] [0m[INFO] [1785192069.968145784] [air_ground_servo_node]: RGBD fps=30.07 size=640x480 center=(320,240) depth=0.167m XYZ=(-0.001,-0.002,0.167)m valid=13/100[0m
[taskset-2] [0m[INFO] [1785192071.982370028] [air_ground_servo_node]: RGBD fps=29.07 size=640x480 center=(320,240) depth=invalid XYZ=invalid valid=0/100[0m
[taskset-2] [0m[INFO] [1785192074.013461065] [air_ground_servo_node]: RGBD fps=28.67 size=640x480 center=(320,240) depth=0.168m XYZ=(-0.001,-0.002,0.168)m valid=20/100[0m
[taskset-2] [0m[INFO] [1785192076.039365685] [air_ground_servo_node]: RGBD fps=30.53 size=640x480 center=(320,240) depth=0.168m XYZ=(-0.001,-0.002,0.168)m valid=21/100[0m
[taskset-2] [0m[INFO] [1785192078.050131929] [air_ground_servo_node]: RGBD fps=30.02 size=640x480 center=(320,240) depth=0.168m XYZ=(-0.001,-0.002,0.168)m valid=34/100[0m
[taskset-2] [0m[INFO] [1785192080.051108088] [air_ground_servo_node]: RGBD fps=29.71 size=640x480 center=(320,240) depth=0.169m XYZ=(-0.001,-0.002,0.169)m valid=98/100[0m
[taskset-2] [0m[INFO] [1785192082.054269706] [air_ground_servo_node]: RGBD fps=30.09 size=640x480 center=(320,240) depth=0.168m XYZ=(-0.001,-0.002,0.168)m valid=44/100[0m
[taskset-2] [0m[INFO] [1785192084.057412366] [air_ground_servo_node]: RGBD fps=29.90 size=640x480 center=(320,240) depth=0.168m XYZ=(-0.001,-0.002,0.168)m valid=48/100[0m
[taskset-2] [0m[INFO] [1785192086.080314861] [air_ground_servo_node]: RGBD fps=30.48 size=640x480 center=(320,240) depth=0.168m XYZ=(-0.001,-0.002,0.168)m valid=33/100[0m
[taskset-2] [0m[INFO] [1785192088.082348312] [air_ground_servo_node]: RGBD fps=30.06 size=640x480 center=(320,240) depth=0.169m XYZ=(-0.001,-0.002,0.169)m valid=68/100[0m
[taskset-2] [0m[INFO] [1785192090.092310722] [air_ground_servo_node]: RGBD fps=30.02 size=640x480 center=(320,240) depth=0.169m XYZ=(-0.001,-0.002,0.169)m valid=63/100[0m
[taskset-2] [0m[INFO] [1785192092.094213507] [air_ground_servo_node]: RGBD fps=30.06 size=640x480 center=(320,240) depth=0.169m XYZ=(-0.001,-0.002,0.169)m valid=57/100[0m
[taskset-2] [0m[INFO] [1785192094.096742791] [air_ground_servo_node]: RGBD fps=29.94 size=640x480 center=(320,240) depth=0.170m XYZ=(-0.001,-0.002,0.170)m valid=29/100[0m
[taskset-2] [0m[INFO] [1785192096.154385123] [air_ground_servo_node]: RGBD fps=28.29 size=640x480 center=(320,240) depth=0.171m XYZ=(-0.001,-0.002,0.171)m valid=46/100[0m
[taskset-2] [0m[INFO] [1785192098.155879282] [air_ground_servo_node]: RGBD fps=30.91 size=640x480 center=(320,240) depth=0.169m XYZ=(-0.001,-0.002,0.169)m valid=42/100[0m
[taskset-2] [0m[INFO] [1785192100.157601525] [air_ground_servo_node]: RGBD fps=29.99 size=640x480 center=(320,240) depth=0.169m XYZ=(-0.001,-0.002,0.169)m valid=18/100[0m
[taskset-2] [0m[INFO] [1785192102.158778060] [air_ground_servo_node]: RGBD fps=29.96 size=640x480 center=(320,240) depth=invalid XYZ=invalid valid=0/100[0m
[taskset-2] [0m[INFO] [1785192104.165657845] [air_ground_servo_node]: RGBD fps=29.63 size=640x480 center=(320,240) depth=0.177m XYZ=(-0.001,-0.003,0.177)m valid=100/100[0m
[taskset-2] [0m[INFO] [1785192106.167821962] [air_ground_servo_node]: RGBD fps=30.00 size=640x480 center=(320,240) depth=0.450m XYZ=(-0.004,-0.006,0.450)m valid=100/100[0m
[taskset-2] [0m[INFO] [1785192108.170076497] [air_ground_servo_node]: RGBD fps=30.04 size=640x480 center=(320,240) depth=0.653m XYZ=(-0.005,-0.009,0.653)m valid=100/100[0m
[taskset-2] [0m[INFO] [1785192110.198148784] [air_ground_servo_node]: RGBD fps=29.95 size=640x480 center=(320,240) depth=invalid XYZ=invalid valid=0/100[0m
[taskset-2] [0m[INFO] [1785192112.199222652] [air_ground_servo_node]: RGBD fps=30.03 size=640x480 center=(320,240) depth=invalid XYZ=invalid valid=0/100[0m
[taskset-2] [0m[INFO] [1785192114.200516728] [air_ground_servo_node]: RGBD fps=30.01 size=640x480 center=(320,240) depth=invalid XYZ=invalid valid=0/100[0m
[taskset-2] [0m[INFO] [1785192116.201962471] [air_ground_servo_node]: RGBD fps=30.06 size=640x480 center=(320,240) depth=invalid XYZ=invalid valid=0/100[0m
[taskset-2] [0m[INFO] [1785192118.211727131] [air_ground_servo_node]: RGBD fps=29.79 size=640x480 center=(320,240) depth=invalid XYZ=invalid valid=0/100[0m
[taskset-2] [0m[INFO] [1785192120.238922668] [air_ground_servo_node]: RGBD fps=30.45 size=640x480 center=(320,240) depth=invalid XYZ=invalid valid=0/100[0m
[taskset-2] [0m[INFO] [1785192122.239648869] [air_ground_servo_node]: RGBD fps=29.81 size=640x480 center=(320,240) depth=invalid XYZ=invalid valid=0/100[0m
[taskset-2] [0m[INFO] [1785192124.241077695] [air_ground_servo_node]: RGBD fps=28.78 size=640x480 center=(320,240) depth=invalid XYZ=invalid valid=0/100[0m
[taskset-2] [0m[INFO] [1785192126.246431772] [air_ground_servo_node]: RGBD fps=29.82 size=640x480 center=(320,240) depth=invalid XYZ=invalid valid=0/100[0m
[taskset-2] [0m[INFO] [1785192128.278895976] [air_ground_servo_node]: RGBD fps=29.93 size=640x480 center=(320,240) depth=invalid XYZ=invalid valid=0/100[0m
[taskset-2] [0m[INFO] [1785192130.287807219] [air_ground_servo_node]: RGBD fps=30.06 size=640x480 center=(320,240) depth=invalid XYZ=invalid valid=0/100[0m
[taskset-2] [0m[INFO] [1785192132.315425090] [air_ground_servo_node]: RGBD fps=30.55 size=640x480 center=(320,240) depth=invalid XYZ=invalid valid=0/100[0m
[taskset-2] [0m[INFO] [1785192134.323214875] [air_ground_servo_node]: RGBD fps=29.68 size=640x480 center=(320,240) depth=invalid XYZ=invalid valid=0/100[0m
[taskset-2] [0m[INFO] [1785192136.327879160] [air_ground_servo_node]: RGBD fps=29.86 size=640x480 center=(320,240) depth=invalid XYZ=invalid valid=0/100[0m
[taskset-2] [0m[INFO] [1785192138.362637614] [air_ground_servo_node]: RGBD fps=29.88 size=640x480 center=(320,240) depth=invalid XYZ=invalid valid=0/100[0m
[taskset-2] [0m[INFO] [1785192140.394932651] [air_ground_servo_node]: RGBD fps=29.20 size=640x480 center=(320,240) depth=invalid XYZ=invalid valid=0/100[0m
[taskset-2] [0m[INFO] [1785192142.425432772] [air_ground_servo_node]: RGBD fps=30.08 size=640x480 center=(320,240) depth=invalid XYZ=invalid valid=0/100[0m
[taskset-2] [0m[INFO] [1785192144.430953390] [air_ground_servo_node]: RGBD fps=29.61 size=640x480 center=(320,240) depth=invalid XYZ=invalid valid=0/100[0m
[taskset-2] [0m[INFO] [1785192146.432082966] [air_ground_servo_node]: RGBD fps=29.99 size=640x480 center=(320,240) depth=invalid XYZ=invalid valid=0/100[0m
[taskset-2] [0m[INFO] [1785192148.462237754] [air_ground_servo_node]: RGBD fps=30.10 size=640x480 center=(320,240) depth=invalid XYZ=invalid valid=0/100[0m
[taskset-2] [0m[INFO] [1785192150.497822500] [air_ground_servo_node]: RGBD fps=29.77 size=640x480 center=(320,240) depth=invalid XYZ=invalid valid=0/100[0m
[taskset-2] [0m[INFO] [1785192152.532389329] [air_ground_servo_node]: RGBD fps=29.78 size=640x480 center=(320,240) depth=invalid XYZ=invalid valid=0/100[0m
[taskset-2] [0m[INFO] [1785192154.563420867] [air_ground_servo_node]: RGBD fps=29.88 size=640x480 center=(320,240) depth=invalid XYZ=invalid valid=0/100[0m
[taskset-2] [0m[INFO] [1785192156.573480985] [air_ground_servo_node]: RGBD fps=30.04 size=640x480 center=(320,240) depth=invalid XYZ=invalid valid=0/100[0m
[taskset-2] [0m[INFO] [1785192158.608186356] [air_ground_servo_node]: RGBD fps=30.26 size=640x480 center=(320,240) depth=invalid XYZ=invalid valid=0/100[0m
[taskset-2] [0m[INFO] [1785192160.610679766] [air_ground_servo_node]: RGBD fps=29.98 size=640x480 center=(320,240) depth=invalid XYZ=invalid valid=0/100[0m
[taskset-2] [0m[INFO] [1785192162.611876134] [air_ground_servo_node]: RGBD fps=30.06 size=640x480 center=(320,240) depth=invalid XYZ=invalid valid=0/100[0m
[taskset-2] [0m[INFO] [1785192164.613413752] [air_ground_servo_node]: RGBD fps=30.10 size=640x480 center=(320,240) depth=invalid XYZ=invalid valid=0/100[0m
[taskset-2] [0m[INFO] [1785192166.615056953] [air_ground_servo_node]: RGBD fps=30.00 size=640x480 center=(320,240) depth=invalid XYZ=invalid valid=0/100[0m
[taskset-2] [0m[INFO] [1785192168.616170195] [air_ground_servo_node]: RGBD fps=30.05 size=640x480 center=(320,240) depth=invalid XYZ=invalid valid=0/100[0m
[taskset-2] [0m[INFO] [1785192170.617300063] [air_ground_servo_node]: RGBD fps=29.97 size=640x480 center=(320,240) depth=invalid XYZ=invalid valid=0/100[0m
[taskset-2] [0m[INFO] [1785192172.618829806] [air_ground_servo_node]: RGBD fps=30.07 size=640x480 center=(320,240) depth=invalid XYZ=invalid valid=0/100[0m
[taskset-2] [0m[INFO] [1785192174.645613218] [air_ground_servo_node]: RGBD fps=29.89 size=640x480 center=(320,240) depth=invalid XYZ=invalid valid=0/100[0m
[taskset-2] [0m[INFO] [1785192176.646349044] [air_ground_servo_node]: RGBD fps=30.03 size=640x480 center=(320,240) depth=invalid XYZ=invalid valid=0/100[0m
[taskset-2] [0m[INFO] [1785192178.647740828] [air_ground_servo_node]: RGBD fps=29.97 size=640x480 center=(320,240) depth=invalid XYZ=invalid valid=0/100[0m
[taskset-2] [0m[INFO] [1785192180.660874531] [air_ground_servo_node]: RGBD fps=29.40 size=640x480 center=(320,240) depth=invalid XYZ=invalid valid=0/100[0m
[taskset-2] [0m[INFO] [1785192182.661814232] [air_ground_servo_node]: RGBD fps=29.87 size=640x480 center=(320,240) depth=invalid XYZ=invalid valid=0/100[0m
[taskset-2] [0m[INFO] [1785192184.663386558] [air_ground_servo_node]: RGBD fps=29.86 size=640x480 center=(320,240) depth=invalid XYZ=invalid valid=0/100[0m
[taskset-2] [0m[INFO] [1785192186.695566679] [air_ground_servo_node]: RGBD fps=29.52 size=640x480 center=(320,240) depth=invalid XYZ=invalid valid=0/100[0m
[taskset-2] [0m[INFO] [1785192188.723679216] [air_ground_servo_node]: RGBD fps=28.50 size=640x480 center=(320,240) depth=invalid XYZ=invalid valid=0/100[0m
[taskset-2] [0m[INFO] [1785192190.724030625] [air_ground_servo_node]: RGBD fps=29.22 size=640x480 center=(320,240) depth=invalid XYZ=invalid valid=0/100[0m
[taskset-2] [0m[INFO] [1785192192.736171202] [air_ground_servo_node]: RGBD fps=29.60 size=640x480 center=(320,240) depth=invalid XYZ=invalid valid=0/100[0m
[taskset-2] [0m[INFO] [1785192194.760370447] [air_ground_servo_node]: RGBD fps=30.02 size=640x480 center=(320,240) depth=invalid XYZ=invalid valid=0/100[0m
[taskset-2] [0m[INFO] [1785192196.769850733] [air_ground_servo_node]: RGBD fps=30.02 size=640x480 center=(320,240) depth=invalid XYZ=invalid valid=0/100[0m
[taskset-2] [0m[INFO] [1785192198.797067853] [air_ground_servo_node]: RGBD fps=36.17 size=640x480 center=(320,240) depth=invalid XYZ=invalid valid=0/100[0m
[taskset-2] [0m[INFO] [1785192200.805998055] [air_ground_servo_node]: RGBD fps=29.93 size=640x480 center=(320,240) depth=invalid XYZ=invalid valid=0/100[0m
[taskset-2] [0m[INFO] [1785192202.807704548] [air_ground_servo_node]: RGBD fps=30.17 size=640x480 center=(320,240) depth=invalid XYZ=invalid valid=0/100[0m
[taskset-2] [0m[INFO] [1785192204.808480915] [air_ground_servo_node]: RGBD fps=30.25 size=640x480 center=(320,240) depth=invalid XYZ=invalid valid=0/100[0m
[taskset-2] [0m[INFO] [1785192206.810733700] [air_ground_servo_node]: RGBD fps=30.28 size=640x480 center=(320,240) depth=invalid XYZ=invalid valid=0/100[0m
[taskset-2] [0m[INFO] [1785192208.811337984] [air_ground_servo_node]: RGBD fps=30.12 size=640x480 center=(320,240) depth=invalid XYZ=invalid valid=0/100[0m
[taskset-2] [0m[INFO] [1785192210.812817560] [air_ground_servo_node]: RGBD fps=29.53 size=640x480 center=(320,240) depth=invalid XYZ=invalid valid=0/100[0m
[taskset-2] [0m[INFO] [1785192212.839998222] [air_ground_servo_node]: RGBD fps=30.14 size=640x480 center=(320,240) depth=invalid XYZ=invalid valid=0/100[0m
[taskset-2] [0m[INFO] [1785192214.841789882] [air_ground_servo_node]: RGBD fps=29.61 size=640x480 center=(320,240) depth=invalid XYZ=invalid valid=0/100[0m
[taskset-2] [0m[INFO] [1785192216.842832541] [air_ground_servo_node]: RGBD fps=30.09 size=640x480 center=(320,240) depth=invalid XYZ=invalid valid=0/100[0m
[taskset-2] [0m[INFO] [1785192218.847922076] [air_ground_servo_node]: RGBD fps=29.98 size=640x480 center=(320,240) depth=invalid XYZ=invalid valid=0/100[0m
[taskset-2] [0m[INFO] [1785192220.848933235] [air_ground_servo_node]: RGBD fps=29.26 size=640x480 center=(320,240) depth=invalid XYZ=invalid valid=0/100[0m
[taskset-2] [0m[INFO] [1785192222.856721854] [air_ground_servo_node]: RGBD fps=29.47 size=640x480 center=(320,240) depth=invalid XYZ=invalid valid=0/100[0m
[taskset-2] [0m[INFO] [1785192224.881954474] [air_ground_servo_node]: RGBD fps=29.99 size=640x480 center=(320,240) depth=invalid XYZ=invalid valid=0/100[0m
[taskset-2] [0m[INFO] [1785192226.884267633] [air_ground_servo_node]: RGBD fps=29.97 size=640x480 center=(320,240) depth=invalid XYZ=invalid valid=0/100[0m
[taskset-2] [0m[INFO] [1785192229.919999647] [air_ground_servo_node]: RGBD fps=22.35 size=640x480 center=(320,240) depth=invalid XYZ=invalid valid=0/100[0m
[taskset-2] [0m[INFO] [1785192232.060771945] [air_ground_servo_node]: RGBD fps=29.46 size=640x480 center=(320,240) depth=invalid XYZ=invalid valid=0/100[0m
[taskset-2] [0m[INFO] [1785192236.423143508] [air_ground_servo_node]: RGBD fps=27.10 size=640x480 center=(320,240) depth=invalid XYZ=invalid valid=0/100[0m
[taskset-2] [0m[INFO] [1785192238.847935002] [air_ground_servo_node]: RGBD fps=44.15 size=640x480 center=(320,240) depth=invalid XYZ=invalid valid=0/100[0m
[taskset-2] [0m[INFO] [1785192241.178783861] [air_ground_servo_node]: RGBD fps=35.98 size=640x480 center=(320,240) depth=invalid XYZ=invalid valid=0/100[0m
[taskset-2] [0m[INFO] [1785192243.372339665] [air_ground_servo_node]: RGBD fps=27.82 size=640x480 center=(320,240) depth=invalid XYZ=invalid valid=0/100[0m
[taskset-2] [0m[INFO] [1785192245.440628414] [air_ground_servo_node]: RGBD fps=27.33 size=640x480 center=(320,240) depth=invalid XYZ=invalid valid=0/100[0m
[taskset-2] [0m[INFO] [1785192250.748190823] [air_ground_servo_node]: RGBD fps=24.07 size=640x480 center=(320,240) depth=invalid XYZ=invalid valid=0/100[0m
[taskset-2] [0m[INFO] [1785192253.884771846] [air_ground_servo_node]: RGBD fps=21.69 size=640x480 center=(320,240) depth=invalid XYZ=invalid valid=0/100[0m
[taskset-2] [0m[INFO] [1785192257.066442208] [air_ground_servo_node]: RGBD fps=13.13 size=640x480 center=(320,240) depth=invalid XYZ=invalid valid=0/100[0m
[taskset-2] [0m[INFO] [1785192259.169200711] [air_ground_servo_node]: RGBD fps=16.67 size=640x480 center=(320,240) depth=invalid XYZ=invalid valid=0/100[0m
[taskset-2] [0m[INFO] [1785192261.183656830] [air_ground_servo_node]: RGBD fps=31.51 size=640x480 center=(320,240) depth=invalid XYZ=invalid valid=0/100[0m
[taskset-2] [0m[INFO] [1785192263.245811245] [air_ground_servo_node]: RGBD fps=44.83 size=640x480 center=(320,240) depth=invalid XYZ=invalid valid=0/100[0m
[taskset-2] [0m[INFO] [1785192265.254942114] [air_ground_servo_node]: RGBD fps=27.63 size=640x480 center=(320,240) depth=invalid XYZ=invalid valid=0/100[0m
[taskset-2] [0m[INFO] [1785192267.717736903] [air_ground_servo_node]: RGBD fps=38.04 size=640x480 center=(320,240) depth=invalid XYZ=invalid valid=0/100[0m
[taskset-2] [0m[INFO] [1785192269.749794232] [air_ground_servo_node]: RGBD fps=30.12 size=640x480 center=(320,240) depth=invalid XYZ=invalid valid=0/100[0m
[taskset-2] [0m[INFO] [1785192271.757966975] [air_ground_servo_node]: RGBD fps=29.97 size=640x480 center=(320,240) depth=invalid XYZ=invalid valid=0/100[0m
[taskset-2] [0m[INFO] [1785192273.759077593] [air_ground_servo_node]: RGBD fps=30.04 size=640x480 center=(320,240) depth=invalid XYZ=invalid valid=0/100[0m
[taskset-2] [0m[INFO] [1785192276.348180103] [air_ground_servo_node]: RGBD fps=25.07 size=640x480 center=(320,240) depth=invalid XYZ=invalid valid=0/100[0m
[taskset-2] [0m[INFO] [1785192278.399492684] [air_ground_servo_node]: RGBD fps=28.97 size=640x480 center=(320,240) depth=invalid XYZ=invalid valid=0/100[0m
[taskset-2] [0m[INFO] [1785192280.481876227] [air_ground_servo_node]: RGBD fps=22.34 size=640x480 center=(320,240) depth=invalid XYZ=invalid valid=0/100[0m
[taskset-2] [0m[INFO] [1785192282.546376518] [air_ground_servo_node]: RGBD fps=28.47 size=640x480 center=(320,240) depth=invalid XYZ=invalid valid=0/100[0m
[taskset-2] [0m[INFO] [1785192284.691968317] [air_ground_servo_node]: RGBD fps=24.28 size=640x480 center=(320,240) depth=invalid XYZ=invalid valid=0/100[0m
[taskset-2] [0m[INFO] [1785192287.495972015] [air_ground_servo_node]: RGBD fps=20.31 size=640x480 center=(320,240) depth=invalid XYZ=invalid valid=0/100[0m
[taskset-2] [0m[INFO] [1785192289.504938092] [air_ground_servo_node]: RGBD fps=30.04 size=640x480 center=(320,240) depth=invalid XYZ=invalid valid=0/100[0m
[taskset-2] [0m[INFO] [1785192291.531240546] [air_ground_servo_node]: RGBD fps=30.07 size=640x480 center=(320,240) depth=invalid XYZ=invalid valid=0/100[0m
[taskset-2] [0m[INFO] [1785192293.533118538] [air_ground_servo_node]: RGBD fps=30.53 size=640x480 center=(320,240) depth=invalid XYZ=invalid valid=0/100[0m
[taskset-2] [0m[INFO] [1785192295.535413615] [air_ground_servo_node]: RGBD fps=30.19 size=640x480 center=(320,240) depth=invalid XYZ=invalid valid=0/100[0m
[taskset-2] [0m[INFO] [1785192297.547610192] [air_ground_servo_node]: RGBD fps=28.15 size=640x480 center=(320,240) depth=invalid XYZ=invalid valid=0/100[0m
[taskset-2] [0m[INFO] [1785192299.579065812] [air_ground_servo_node]: RGBD fps=38.20 size=640x480 center=(320,240) depth=invalid XYZ=invalid valid=0/100[0m
[taskset-2] [0m[INFO] [1785192301.579879222] [air_ground_servo_node]: RGBD fps=30.07 size=640x480 center=(320,240) depth=invalid XYZ=invalid valid=0/100[0m
[taskset-2] [0m[INFO] [1785192303.607414259] [air_ground_servo_node]: RGBD fps=30.33 size=640x480 center=(320,240) depth=invalid XYZ=invalid valid=0/100[0m
[taskset-2] [0m[INFO] [1785192305.615899961] [air_ground_servo_node]: RGBD fps=29.73 size=640x480 center=(320,240) depth=invalid XYZ=invalid valid=0/100[0m
[taskset-2] [0m[INFO] [1785192307.617720495] [air_ground_servo_node]: RGBD fps=30.13 size=640x480 center=(320,240) depth=invalid XYZ=invalid valid=0/100[0m
[taskset-2] [0m[INFO] [1785192309.644984282] [air_ground_servo_node]: RGBD fps=30.00 size=640x480 center=(320,240) depth=invalid XYZ=invalid valid=0/100[0m
[taskset-2] [0m[INFO] [1785192311.655573193] [air_ground_servo_node]: RGBD fps=29.89 size=640x480 center=(320,240) depth=invalid XYZ=invalid valid=0/100[0m
[taskset-2] [0m[INFO] [1785192313.656659602] [air_ground_servo_node]: RGBD fps=29.85 size=640x480 center=(320,240) depth=invalid XYZ=invalid valid=0/100[0m
[taskset-2] [0m[INFO] [1785192315.779812024] [air_ground_servo_node]: RGBD fps=25.00 size=640x480 center=(320,240) depth=invalid XYZ=invalid valid=0/100[0m
[taskset-2] [0m[INFO] [1785192317.792625476] [air_ground_servo_node]: RGBD fps=28.22 size=640x480 center=(320,240) depth=invalid XYZ=invalid valid=0/100[0m
[taskset-2] [0m[INFO] [1785192319.792873052] [air_ground_servo_node]: RGBD fps=31.03 size=640x480 center=(320,240) depth=invalid XYZ=invalid valid=0/100[0m
[taskset-2] [0m[INFO] [1785192321.794681920] [air_ground_servo_node]: RGBD fps=43.45 size=640x480 center=(320,240) depth=invalid XYZ=invalid valid=0/100[0m
[taskset-2] [0m[INFO] [1785192323.795926412] [air_ground_servo_node]: RGBD fps=29.68 size=640x480 center=(320,240) depth=invalid XYZ=invalid valid=0/100[0m
[taskset-2] [0m[INFO] [1785192325.797336863] [air_ground_servo_node]: RGBD fps=30.11 size=640x480 center=(320,240) depth=invalid XYZ=invalid valid=0/100[0m
[taskset-2] [0m[INFO] [1785192327.799348440] [air_ground_servo_node]: RGBD fps=29.92 size=640x480 center=(320,240) depth=invalid XYZ=invalid valid=0/100[0m
[taskset-2] [0m[INFO] [1785192329.801887057] [air_ground_servo_node]: RGBD fps=30.15 size=640x480 center=(320,240) depth=invalid XYZ=invalid valid=0/100[0m
[taskset-2] [0m[INFO] [1785192331.829335178] [air_ground_servo_node]: RGBD fps=30.07 size=640x480 center=(320,240) depth=invalid XYZ=invalid valid=0/100[0m
[taskset-2] [0m[INFO] [1785192333.837102796] [air_ground_servo_node]: RGBD fps=30.01 size=640x480 center=(320,240) depth=invalid XYZ=invalid valid=0/100[0m
[taskset-2] [0m[INFO] [1785192335.838854206] [air_ground_servo_node]: RGBD fps=31.92 size=640x480 center=(320,240) depth=invalid XYZ=invalid valid=0/100[0m
[taskset-2] [0m[INFO] [1785192337.866300868] [air_ground_servo_node]: RGBD fps=30.31 size=640x480 center=(320,240) depth=invalid XYZ=invalid valid=0/100[0m
[taskset-2] [0m[INFO] [1785192339.867625569] [air_ground_servo_node]: RGBD fps=30.11 size=640x480 center=(320,240) depth=invalid XYZ=invalid valid=0/100[0m
[taskset-2] [0m[INFO] [1785192343.120763896] [air_ground_servo_node]: RGBD fps=27.09 size=640x480 center=(320,240) depth=invalid XYZ=invalid valid=0/100[0m
[taskset-2] [0m[INFO] [1785192345.138115682] [air_ground_servo_node]: RGBD fps=29.98 size=640x480 center=(320,240) depth=invalid XYZ=invalid valid=0/100[0m
[taskset-2] [0m[INFO] [1785192347.138642091] [air_ground_servo_node]: RGBD fps=30.00 size=640x480 center=(320,240) depth=invalid XYZ=invalid valid=0/100[0m
[taskset-2] [0m[INFO] [1785192349.149801793] [air_ground_servo_node]: RGBD fps=29.18 size=640x480 center=(320,240) depth=invalid XYZ=invalid valid=0/100[0m
[taskset-2] [0m[INFO] [1785192351.184683623] [air_ground_servo_node]: RGBD fps=29.98 size=640x480 center=(320,240) depth=invalid XYZ=invalid valid=0/100[0m
[taskset-2] [0m[INFO] [1785192353.185120490] [air_ground_servo_node]: RGBD fps=30.01 size=640x480 center=(320,240) depth=invalid XYZ=invalid valid=0/100[0m
[taskset-2] [0m[INFO] [1785192355.186873358] [air_ground_servo_node]: RGBD fps=29.39 size=640x480 center=(320,240) depth=invalid XYZ=invalid valid=0/100[0m
[taskset-2] [0m[INFO] [1785192357.259954483] [air_ground_servo_node]: RGBD fps=25.14 size=640x480 center=(320,240) depth=invalid XYZ=invalid valid=0/100[0m
[taskset-2] [0m[INFO] [1785192361.252466426] [air_ground_servo_node]: RGBD fps=26.83 size=640x480 center=(320,240) depth=invalid XYZ=invalid valid=0/100[0m
[taskset-2] [0m[INFO] [1785192365.378085132] [air_ground_servo_node]: RGBD fps=21.97 size=640x480 center=(320,240) depth=invalid XYZ=invalid valid=0/100[0m
[taskset-2] [0m[INFO] [1785192368.284479882] [air_ground_servo_node]: RGBD fps=18.40 size=640x480 center=(320,240) depth=invalid XYZ=invalid valid=0/100[0m
[taskset-2] [0m[INFO] [1785192370.511350731] [air_ground_servo_node]: RGBD fps=13.79 size=640x480 center=(320,240) depth=invalid XYZ=invalid valid=0/100[0m
[taskset-2] [0m[INFO] [1785192372.691669534] [air_ground_servo_node]: RGBD fps=27.13 size=640x480 center=(320,240) depth=invalid XYZ=invalid valid=0/100[0m
[taskset-2] [0m[INFO] [1785192374.693090193] [air_ground_servo_node]: RGBD fps=31.66 size=640x480 center=(320,240) depth=invalid XYZ=invalid valid=0/100[0m
[taskset-2] [0m[INFO] [1785192376.701647645] [air_ground_servo_node]: RGBD fps=30.08 size=640x480 center=(320,240) depth=invalid XYZ=invalid valid=0/100[0m
[taskset-2] [0m[INFO] [1785192378.704293013] [air_ground_servo_node]: RGBD fps=30.23 size=640x480 center=(320,240) depth=invalid XYZ=invalid valid=0/100[0m
[taskset-2] [0m[INFO] [1785192380.706247422] [air_ground_servo_node]: RGBD fps=30.31 size=640x480 center=(320,240) depth=invalid XYZ=invalid valid=0/100[0m
[taskset-2] [0m[INFO] [1785192382.708321123] [air_ground_servo_node]: RGBD fps=30.15 size=640x480 center=(320,240) depth=invalid XYZ=invalid valid=0/100[0m
[taskset-2] [0m[INFO] [1785192384.741720703] [air_ground_servo_node]: RGBD fps=30.04 size=640x480 center=(320,240) depth=invalid XYZ=invalid valid=0/100[0m
[taskset-2] [0m[INFO] [1785192386.742634154] [air_ground_servo_node]: RGBD fps=30.08 size=640x480 center=(320,240) depth=invalid XYZ=invalid valid=0/100[0m
[taskset-2] [0m[INFO] [1785192388.769504191] [air_ground_servo_node]: RGBD fps=30.31 size=640x480 center=(320,240) depth=invalid XYZ=invalid valid=0/100[0m
[taskset-2] [0m[INFO] [1785192390.775480392] [air_ground_servo_node]: RGBD fps=29.03 size=640x480 center=(320,240) depth=invalid XYZ=invalid valid=0/100[0m
[taskset-2] [0m[INFO] [1785192392.806762763] [air_ground_servo_node]: RGBD fps=28.86 size=640x480 center=(320,240) depth=invalid XYZ=invalid valid=0/100[0m
[taskset-2] [0m[INFO] [1785192394.814977506] [air_ground_servo_node]: RGBD fps=29.98 size=640x480 center=(320,240) depth=invalid XYZ=invalid valid=0/100[0m
[taskset-2] [0m[INFO] [1785192396.842447210] [air_ground_servo_node]: RGBD fps=30.32 size=640x480 center=(320,240) depth=invalid XYZ=invalid valid=0/100[0m
[taskset-2] [0m[INFO] [1785192398.852031620] [air_ground_servo_node]: RGBD fps=30.15 size=640x480 center=(320,240) depth=invalid XYZ=invalid valid=0/100[0m
[taskset-2] [0m[INFO] [1785192400.852755780] [air_ground_servo_node]: RGBD fps=30.11 size=640x480 center=(320,240) depth=invalid XYZ=invalid valid=0/100[0m
[taskset-2] [0m[INFO] [1785192402.879811900] [air_ground_servo_node]: RGBD fps=30.27 size=640x480 center=(320,240) depth=invalid XYZ=invalid valid=0/100[0m
[taskset-2] [0m[INFO] [1785192404.889090644] [air_ground_servo_node]: RGBD fps=30.09 size=640x480 center=(320,240) depth=invalid XYZ=invalid valid=0/100[0m
[taskset-2] [0m[INFO] [1785192406.923998140] [air_ground_servo_node]: RGBD fps=28.59 size=640x480 center=(320,240) depth=invalid XYZ=invalid valid=0/100[0m
[taskset-2] [0m[INFO] [1785192408.925736716] [air_ground_servo_node]: RGBD fps=30.02 size=640x480 center=(320,240) depth=invalid XYZ=invalid valid=0/100[0m
[taskset-2] [0m[INFO] [1785192410.952922628] [air_ground_servo_node]: RGBD fps=30.26 size=640x480 center=(320,240) depth=invalid XYZ=invalid valid=0/100[0m
[taskset-2] [0m[INFO] [1785192412.963017455] [air_ground_servo_node]: RGBD fps=29.25 size=640x480 center=(320,240) depth=invalid XYZ=invalid valid=0/100[0m
[taskset-2] [0m[INFO] [1785192414.988749700] [air_ground_servo_node]: RGBD fps=28.83 size=640x480 center=(320,240) depth=invalid XYZ=invalid valid=0/100[0m
[taskset-2] [0m[INFO] [1785192416.990347401] [air_ground_servo_node]: RGBD fps=30.02 size=640x480 center=(320,240) depth=invalid XYZ=invalid valid=0/100[0m
[taskset-2] [0m[INFO] [1785192418.992861519] [air_ground_servo_node]: RGBD fps=30.39 size=640x480 center=(320,240) depth=invalid XYZ=invalid valid=0/100[0m
[taskset-2] [0m[INFO] [1785192421.001750304] [air_ground_servo_node]: RGBD fps=29.83 size=640x480 center=(320,240) depth=invalid XYZ=invalid valid=0/100[0m
[taskset-2] [0m[INFO] [1785192423.003447172] [air_ground_servo_node]: RGBD fps=30.12 size=640x480 center=(320,240) depth=invalid XYZ=invalid valid=0/100[0m
[taskset-2] [0m[INFO] [1785192425.028302667] [air_ground_servo_node]: RGBD fps=19.76 size=640x480 center=(320,240) depth=invalid XYZ=invalid valid=0/100[0m
[taskset-2] [0m[INFO] [1785192427.038983453] [air_ground_servo_node]: RGBD fps=30.06 size=640x480 center=(320,240) depth=invalid XYZ=invalid valid=0/100[0m
[taskset-2] [0m[INFO] [1785192429.127553246] [air_ground_servo_node]: RGBD fps=27.38 size=640x480 center=(320,240) depth=invalid XYZ=invalid valid=0/100[0m
[taskset-2] [0m[INFO] [1785192431.940029278] [air_ground_servo_node]: RGBD fps=21.18 size=640x480 center=(320,240) depth=invalid XYZ=invalid valid=0/100[0m
[taskset-2] [0m[INFO] [1785192436.728688926] [air_ground_servo_node]: RGBD fps=19.08 size=640x480 center=(320,240) depth=invalid XYZ=invalid valid=0/100[0m
[taskset-2] [0m[INFO] [1785192438.737773420] [air_ground_servo_node]: RGBD fps=24.86 size=640x480 center=(320,240) depth=invalid XYZ=invalid valid=0/100[0m
[taskset-2] [0m[INFO] [1785192441.719045136] [air_ground_servo_node]: RGBD fps=14.32 size=640x480 center=(320,240) depth=invalid XYZ=invalid valid=0/100[0m
[taskset-2] [0m[INFO] [1785192445.465682054] [air_ground_servo_node]: RGBD fps=10.46 size=640x480 center=(320,240) depth=invalid XYZ=invalid valid=0/100[0m
[taskset-2] [0m[INFO] [1785192448.702520296] [air_ground_servo_node]: RGBD fps=8.61 size=640x480 center=(320,240) depth=invalid XYZ=invalid valid=0/100[0m
[taskset-2] [0m[INFO] [1785192450.813793425] [air_ground_servo_node]: RGBD fps=7.16 size=640x480 center=(320,240) depth=invalid XYZ=invalid valid=0/100[0m
[taskset-2] [0m[INFO] [1785192453.160252577] [air_ground_servo_node]: RGBD fps=24.41 size=640x480 center=(320,240) depth=invalid XYZ=invalid valid=0/100[0m
[taskset-2] [0m[INFO] [1785192455.241361245] [air_ground_servo_node]: RGBD fps=24.95 size=640x480 center=(320,240) depth=invalid XYZ=invalid valid=0/100[0m
[taskset-2] [0m[INFO] [1785192460.642363162] [air_ground_servo_node]: RGBD fps=18.73 size=640x480 center=(320,240) depth=invalid XYZ=invalid valid=0/100[0m
[taskset-2] [0m[INFO] [1785192462.658104948] [air_ground_servo_node]: RGBD fps=20.91 size=640x480 center=(320,240) depth=invalid XYZ=invalid valid=0/100[0m
[taskset-2] [0m[INFO] [1785192464.660302316] [air_ground_servo_node]: RGBD fps=42.43 size=640x480 center=(320,240) depth=invalid XYZ=invalid valid=0/100[0m
[taskset-2] [0m[INFO] [1785192466.694486770] [air_ground_servo_node]: RGBD fps=28.95 size=640x480 center=(320,240) depth=invalid XYZ=invalid valid=0/100[0m
[taskset-2] [0m[INFO] [1785192468.728484266] [air_ground_servo_node]: RGBD fps=30.22 size=640x480 center=(320,240) depth=invalid XYZ=invalid valid=0/100[0m
[taskset-2] [0m[INFO] [1785192470.739205010] [air_ground_servo_node]: RGBD fps=29.95 size=640x480 center=(320,240) depth=invalid XYZ=invalid valid=0/100[0m
[taskset-2] [0m[INFO] [1785192472.765890422] [air_ground_servo_node]: RGBD fps=30.01 size=640x480 center=(320,240) depth=invalid XYZ=invalid valid=0/100[0m
[taskset-2] [0m[INFO] [1785192474.774318957] [air_ground_servo_node]: RGBD fps=30.52 size=640x480 center=(320,240) depth=invalid XYZ=invalid valid=0/100[0m
[taskset-2] [0m[INFO] [1785192476.777168200] [air_ground_servo_node]: RGBD fps=28.80 size=640x480 center=(320,240) depth=invalid XYZ=invalid valid=0/100[0m
[taskset-2] [0m[INFO] [1785192478.802961695] [air_ground_servo_node]: RGBD fps=30.35 size=640x480 center=(320,240) depth=invalid XYZ=invalid valid=0/100[0m
[taskset-2] [0m[INFO] [1785192480.815118022] [air_ground_servo_node]: RGBD fps=29.65 size=640x480 center=(320,240) depth=invalid XYZ=invalid valid=0/100[0m
[taskset-2] [0m[INFO] [1785192482.839767893] [air_ground_servo_node]: RGBD fps=29.61 size=640x480 center=(320,240) depth=invalid XYZ=invalid valid=0/100[0m
[taskset-2] [0m[INFO] [1785192484.840497594] [air_ground_servo_node]: RGBD fps=30.11 size=640x480 center=(320,240) depth=invalid XYZ=invalid valid=0/100[0m
[taskset-2] [0m[INFO] [1785192486.841885586] [air_ground_servo_node]: RGBD fps=30.09 size=640x480 center=(320,240) depth=invalid XYZ=invalid valid=0/100[0m
[taskset-2] [0m[INFO] [1785192488.851049122] [air_ground_servo_node]: RGBD fps=29.92 size=640x480 center=(320,240) depth=invalid XYZ=invalid valid=0/100[0m
[taskset-2] [0m[INFO] [1785192490.854890615] [air_ground_servo_node]: RGBD fps=29.87 size=640x480 center=(320,240) depth=invalid XYZ=invalid valid=0/100[0m
[taskset-2] [0m[INFO] [1785192492.855615941] [air_ground_servo_node]: RGBD fps=29.99 size=640x480 center=(320,240) depth=invalid XYZ=invalid valid=0/100[0m
[taskset-2] [0m[INFO] [1785192494.857163183] [air_ground_servo_node]: RGBD fps=29.91 size=640x480 center=(320,240) depth=invalid XYZ=invalid valid=0/100[0m
[taskset-2] [0m[INFO] [1785192496.857434968] [air_ground_servo_node]: RGBD fps=30.04 size=640x480 center=(320,240) depth=invalid XYZ=invalid valid=0/100[0m
[taskset-2] [0m[INFO] [1785192498.858577669] [air_ground_servo_node]: RGBD fps=30.06 size=640x480 center=(320,240) depth=invalid XYZ=invalid valid=0/100[0m
[taskset-2] [0m[INFO] [1785192500.885403956] [air_ground_servo_node]: RGBD fps=30.80 size=640x480 center=(320,240) depth=invalid XYZ=invalid valid=0/100[0m
[taskset-2] [0m[INFO] [1785192502.887241407] [air_ground_servo_node]: RGBD fps=29.99 size=640x480 center=(320,240) depth=invalid XYZ=invalid valid=0/100[0m
[taskset-2] [0m[INFO] [1785192504.896928775] [air_ground_servo_node]: RGBD fps=29.77 size=640x480 center=(320,240) depth=invalid XYZ=invalid valid=0/100[0m
[taskset-2] [0m[INFO] [1785192506.898539018] [air_ground_servo_node]: RGBD fps=30.11 size=640x480 center=(320,240) depth=invalid XYZ=invalid valid=0/100[0m
[taskset-2] [0m[INFO] [1785192508.900867053] [air_ground_servo_node]: RGBD fps=29.81 size=640x480 center=(320,240) depth=invalid XYZ=invalid valid=0/100[0m
[taskset-2] [0m[INFO] [1785192510.905312296] [air_ground_servo_node]: RGBD fps=30.84 size=640x480 center=(320,240) depth=invalid XYZ=invalid valid=0/100[0m
[taskset-2] [0m[INFO] [1785192512.935389500] [air_ground_servo_node]: RGBD fps=29.59 size=640x480 center=(320,240) depth=invalid XYZ=invalid valid=0/100[0m
[taskset-2] [0m[INFO] [1785192514.962699662] [air_ground_servo_node]: RGBD fps=30.51 size=640x480 center=(320,240) depth=invalid XYZ=invalid valid=0/100[0m
[taskset-2] [0m[INFO] [1785192516.964559280] [air_ground_servo_node]: RGBD fps=29.37 size=640x480 center=(320,240) depth=invalid XYZ=invalid valid=0/100[0m
[taskset-2] [0m[INFO] [1785192518.979791232] [air_ground_servo_node]: RGBD fps=29.56 size=640x480 center=(320,240) depth=invalid XYZ=invalid valid=0/100[0m
[taskset-2] [0m[INFO] [1785192520.979927975] [air_ground_servo_node]: RGBD fps=29.25 size=640x480 center=(320,240) depth=invalid XYZ=invalid valid=0/100[0m
[taskset-2] [0m[INFO] [1785192523.003619136] [air_ground_servo_node]: RGBD fps=29.87 size=640x480 center=(320,240) depth=invalid XYZ=invalid valid=0/100[0m
[taskset-2] [0m[INFO] [1785192525.004042879] [air_ground_servo_node]: RGBD fps=30.11 size=640x480 center=(320,240) depth=invalid XYZ=invalid valid=0/100[0m
[taskset-2] [0m[INFO] [1785192527.013224789] [air_ground_servo_node]: RGBD fps=29.98 size=640x480 center=(320,240) depth=invalid XYZ=invalid valid=0/100[0m
[taskset-2] [0m[INFO] [1785192529.018214574] [air_ground_servo_node]: RGBD fps=29.77 size=640x480 center=(320,240) depth=invalid XYZ=invalid valid=0/100[0m
[taskset-2] [0m[INFO] [1785192531.018685567] [air_ground_servo_node]: RGBD fps=29.88 size=640x480 center=(320,240) depth=invalid XYZ=invalid valid=0/100[0m
[taskset-2] [0m[INFO] [1785192533.051099604] [air_ground_servo_node]: RGBD fps=30.12 size=640x480 center=(320,240) depth=invalid XYZ=invalid valid=0/100[0m
[taskset-2] [0m[INFO] [1785192535.077637141] [air_ground_servo_node]: RGBD fps=30.45 size=640x480 center=(320,240) depth=invalid XYZ=invalid valid=0/100[0m
[taskset-2] [0m[INFO] [1785192537.079949134] [air_ground_servo_node]: RGBD fps=29.98 size=640x480 center=(320,240) depth=invalid XYZ=invalid valid=0/100[0m
[taskset-2] [0m[INFO] [1785192539.088528461] [air_ground_servo_node]: RGBD fps=29.96 size=640x480 center=(320,240) depth=invalid XYZ=invalid valid=0/100[0m
[taskset-2] [0m[INFO] [1785192541.090147745] [air_ground_servo_node]: RGBD fps=30.04 size=640x480 center=(320,240) depth=invalid XYZ=invalid valid=0/100[0m
[taskset-2] [0m[INFO] [1785192543.091987530] [air_ground_servo_node]: RGBD fps=29.86 size=640x480 center=(320,240) depth=invalid XYZ=invalid valid=0/100[0m
[taskset-2] [0m[INFO] [1785192545.093125273] [air_ground_servo_node]: RGBD fps=30.07 size=640x480 center=(320,240) depth=invalid XYZ=invalid valid=0/100[0m
[taskset-2] [0m[INFO] [1785192547.094944932] [air_ground_servo_node]: RGBD fps=30.08 size=640x480 center=(320,240) depth=invalid XYZ=invalid valid=0/100[0m
[taskset-2] [0m[INFO] [1785192549.096328550] [air_ground_servo_node]: RGBD fps=30.08 size=640x480 center=(320,240) depth=invalid XYZ=invalid valid=0/100[0m
[taskset-2] [0m[INFO] [1785192551.097547376] [air_ground_servo_node]: RGBD fps=30.05 size=640x480 center=(320,240) depth=invalid XYZ=invalid valid=0/100[0m
[taskset-2] [0m[INFO] [1785192553.098396077] [air_ground_servo_node]: RGBD fps=30.01 size=640x480 center=(320,240) depth=invalid XYZ=invalid valid=0/100[0m
[taskset-2] [0m[INFO] [1785192555.100659070] [air_ground_servo_node]: RGBD fps=30.08 size=640x480 center=(320,240) depth=invalid XYZ=invalid valid=0/100[0m
[taskset-2] [0m[INFO] [1785192557.105542396] [air_ground_servo_node]: RGBD fps=29.77 size=640x480 center=(320,240) depth=invalid XYZ=invalid valid=0/100[0m
[taskset-2] [0m[INFO] [1785192559.136547975] [air_ground_servo_node]: RGBD fps=30.04 size=640x480 center=(320,240) depth=invalid XYZ=invalid valid=0/100[0m
[taskset-2] [0m[INFO] [1785192561.138535343] [air_ground_servo_node]: RGBD fps=30.00 size=640x480 center=(320,240) depth=invalid XYZ=invalid valid=0/100[0m
[taskset-2] [0m[INFO] [1785192563.140106794] [air_ground_servo_node]: RGBD fps=30.03 size=640x480 center=(320,240) depth=invalid XYZ=invalid valid=0/100[0m
[taskset-2] [0m[INFO] [1785192565.141036870] [air_ground_servo_node]: RGBD fps=30.03 size=640x480 center=(320,240) depth=invalid XYZ=invalid valid=0/100[0m
[taskset-2] [0m[INFO] [1785192567.142668113] [air_ground_servo_node]: RGBD fps=30.02 size=640x480 center=(320,240) depth=invalid XYZ=invalid valid=0/100[0m
[taskset-2] [0m[INFO] [1785192569.169652483] [air_ground_servo_node]: RGBD fps=30.07 size=640x480 center=(320,240) depth=invalid XYZ=invalid valid=0/100[0m
[taskset-2] [0m[INFO] [1785192571.178206144] [air_ground_servo_node]: RGBD fps=29.91 size=640x480 center=(320,240) depth=invalid XYZ=invalid valid=0/100[0m
[taskset-2] [0m[INFO] [1785192573.180520761] [air_ground_servo_node]: RGBD fps=28.37 size=640x480 center=(320,240) depth=invalid XYZ=invalid valid=0/100[0m
